STORE_NBR,YEARMONTH,totSales,nCustomers,nTxn,nChips,nTxnPerCust,nChipsPerTxn,avgPricePerUnit
1,2018-07,206.9,49,52,62,1.0612244897959184,1.1923076923076923,3.3370967741935487
1,2018-08,176.1,42,43,54,1.0238095238095237,1.255813953488372,3.261111111111111
1,2018-09,278.8,59,62,75,1.0508474576271187,1.2096774193548387,3.7173333333333334
1,2018-10,188.1,44,45,58,1.0227272727272727,1.288888888888889,3.243103448275862
1,2018-11,192.6,46,47,57,1.0217391304347827,1.2127659574468086,3.3789473684210525
1,2018-12,189.6,42,47,57,1.119047619047619,1.2127659574468086,3.326315789473684
1,2019-01,154.8,35,36,42,1.0285714285714285,1.1666666666666667,3.685714285714286
1,2019-02,225.4,52,55,65,1.0576923076923077,1.1818181818181819,3.4676923076923076
1,2019-03,192.9,45,49,58,1.0888888888888888,1.183673469387755,3.325862068965517
1,2019-04,192.9,42,43,57,1.0238095238095237,1.3255813953488371,3.3842105263157896
1,2019-05,221.4,46,51,66,1.108695652173913,1.2941176470588236,3.3545454545454545
1,2019-06,174.1,42,42,53,1.0,1.2619047619047619,3.2849056603773583
2,2018-07,150.8,39,41,46,1.0512820512820513,1.1219512195121952,3.2782608695652176
2,2018-08,193.8,39,43,55,1.1025641025641026,1.2790697674418605,3.523636363636364
2,2018-09,154.4,36,37,41,1.0277777777777777,1.1081081081081081,3.7658536585365856
2,2018-10,167.8,41,43,45,1.048780487804878,1.0465116279069768,3.728888888888889
2,2018-11,162.9,39,40,44,1.0256410256410255,1.1,3.7022727272727276
2,2018-12,136.0,35,37,40,1.0571428571428572,1.0810810810810811,3.4
2,2019-01,162.8,43,45,49,1.0465116279069768,1.0888888888888888,3.322448979591837
2,2019-02,139.4,29,32,37,1.103448275862069,1.15625,3.7675675675675677
2,2019-03,192.1,43,46,51,1.069767441860465,1.108695652173913,3.7666666666666666
2,2019-04,196.5,47,49,56,1.0425531914893618,1.1428571428571428,3.5089285714285716
2,2019-05,192.7,48,50,56,1.0416666666666667,1.12,3.4410714285714286
2,2019-06,156.6,40,42,44,1.05,1.0476190476190477,3.559090909090909
3,2018-07,1205.7,112,138,271,1.2321428571428572,1.963768115942029,4.449077490774908
3,2018-08,1079.75,112,131,253,1.1696428571428572,1.9312977099236641,4.267786561264822
3,2018-09,1021.5,102,119,232,1.1666666666666667,1.949579831932773,4.4030172413793105
3,2018-10,1037.9,104,119,235,1.1442307692307692,1.9747899159663866,4.416595744680851
3,2018-11,1008.0,101,118,227,1.1683168316831682,1.923728813559322,4.440528634361233
3,2018-12,1121.6,111,129,255,1.162162162162162,1.9767441860465116,4.39843137254902
3,2019-01,1051.7,102,119,236,1.1666666666666667,1.9831932773109244,4.45635593220339
3,2019-02,1197.7,116,136,272,1.1724137931034482,2.0,4.403308823529412
3,2019-03,1124.4,109,129,255,1.18348623853211,1.9767441860465116,4.409411764705883
3,2019-04,920.0,90,108,207,1.2,1.9166666666666667,4.444444444444445
3,2019-05,996.9,108,123,234,1.1388888888888888,1.9024390243902438,4.26025641025641
3,2019-06,1037.3,105,120,238,1.1428571428571428,1.9833333333333334,4.358403361344537
4,2018-07,1399.9,128,158,318,1.234375,2.0126582278481013,4.402201257861636
4,2018-08,1259.5,123,150,290,1.2195121951219512,1.9333333333333333,4.343103448275862
4,2018-09,1198.6,119,136,276,1.1428571428571428,2.0294117647058822,4.342753623188406
4,2018-10,1346.4,123,153,310,1.2439024390243902,2.026143790849673,4.343225806451613
4,2018-11,1212.0,118,138,278,1.1694915254237288,2.0144927536231885,4.359712230215828
4,2018-12,1185.6,104,133,266,1.2788461538461537,2.0,4.457142857142856
4,2019-01,1525.0,134,167,335,1.2462686567164178,2.0059880239520957,4.552238805970149
4,2019-02,883.4,91,101,204,1.10989010989011,2.01980198019802,4.330392156862745
4,2019-03,1192.4,118,135,270,1.1440677966101696,2.0,4.416296296296297
4,2019-04,1230.5,116,136,273,1.1724137931034482,2.0073529411764706,4.507326007326007
4,2019-05,1018.35,105,126,228,1.2,1.8095238095238095,4.466447368421052
4,2019-06,1196.0,118,134,268,1.1355932203389831,2.0,4.462686567164179
5,2018-07,812.0,93,120,240,1.2903225806451613,2.0,3.3833333333333333
5,2018-08,745.1,97,112,213,1.1546391752577319,1.9017857142857142,3.4981220657276997
5,2018-09,896.0,101,125,250,1.2376237623762376,2.0,3.584
5,2018-10,798.0,88,107,214,1.2159090909090908,2.0,3.7289719626168223
5,2018-11,771.4,85,111,222,1.3058823529411765,2.0,3.4747747747747746
5,2018-12,879.2,95,125,250,1.3157894736842106,2.0,3.5168000000000004
5,2019-01,838.0,92,117,236,1.2717391304347827,2.017094017094017,3.5508474576271185
5,2019-02,727.0,87,106,212,1.2183908045977012,2.0,3.4292452830188678
5,2019-03,681.4,82,97,194,1.1829268292682926,2.0,3.5123711340206185
5,2019-04,721.8,86,109,218,1.2674418604651163,2.0,3.3110091743119265
5,2019-05,720.1,84,103,201,1.2261904761904763,1.9514563106796117,3.582587064676617
5,2019-06,910.8,102,126,254,1.2352941176470589,2.015873015873016,3.5858267716535432
6,2018-07,260.0,48,51,73,1.0625,1.4313725490196079,3.5616438356164384
6,2018-08,203.2,44,47,67,1.0681818181818181,1.425531914893617,3.032835820895522
6,2018-09,207.7,38,38,57,1.0,1.5,3.643859649122807
6,2018-10,292.4,52,54,82,1.0384615384615385,1.5185185185185186,3.565853658536585
6,2018-11,255.3,50,51,74,1.02,1.4509803921568627,3.45
6,2018-12,209.1,38,41,57,1.0789473684210527,1.3902439024390243,3.668421052631579
6,2019-01,191.1,35,37,51,1.0571428571428572,1.3783783783783783,3.7470588235294118
6,2019-02,224.0,40,40,63,1.0,1.575,3.5555555555555554
6,2019-03,179.5,39,40,53,1.0256410256410255,1.325,3.3867924528301887
6,2019-04,197.9,37,38,54,1.027027027027027,1.4210526315789473,3.664814814814815
6,2019-05,257.3,49,53,78,1.0816326530612246,1.471698113207547,3.298717948717949
6,2019-06,207.4,39,40,59,1.0256410256410255,1.475,3.515254237288136
7,2018-07,1024.7,100,120,228,1.2,1.9,4.4942982456140355
7,2018-08,1119.9,109,130,252,1.1926605504587156,1.9384615384615385,4.44404761904762
7,2018-09,1147.3,111,128,252,1.1531531531531531,1.96875,4.552777777777778
7,2018-10,1063.9,108,124,234,1.1481481481481481,1.8870967741935485,4.546581196581197
7,2018-11,1076.5,111,129,248,1.162162162162162,1.9224806201550388,4.340725806451613
7,2018-12,906.1,95,112,213,1.1789473684210525,1.9017857142857142,4.253990610328638
7,2019-01,975.1,102,113,221,1.107843137254902,1.9557522123893805,4.412217194570136
7,2019-02,1026.4,98,120,234,1.2244897959183674,1.95,4.386324786324787
7,2019-03,1145.8,123,138,263,1.1219512195121952,1.9057971014492754,4.3566539923954375
7,2019-04,942.4,85,108,211,1.2705882352941176,1.9537037037037037,4.466350710900474
7,2019-05,969.2,100,122,220,1.22,1.8032786885245902,4.405454545454545
7,2019-06,1089.6,108,128,246,1.1851851851851851,1.921875,4.429268292682926
8,2018-07,381.6,40,43,85,1.075,1.9767441860465116,4.489411764705882
8,2018-08,383.0,46,46,87,1.0,1.891304347826087,4.402298850574713
8,2018-09,293.0,36,36,70,1.0,1.9444444444444444,4.185714285714286
8,2018-10,422.8,45,49,98,1.0888888888888888,2.0,4.314285714285714
8,2018-11,349.2,39,40,80,1.0256410256410255,2.0,4.365
8,2018-12,356.4,36,40,79,1.1111111111111112,1.975,4.511392405063291
8,2019-01,445.0,47,50,100,1.0638297872340425,2.0,4.45
8,2019-02,345.4,37,38,76,1.027027027027027,2.0,4.544736842105263
8,2019-03,441.40000000000003,48,51,104,1.0625,2.0392156862745097,4.24423076923077
8,2019-04,364.8,39,41,81,1.0512820512820513,1.975609756097561,4.503703703703704
8,2019-05,375.6,46,47,85,1.0217391304347827,1.8085106382978724,4.418823529411765
8,2019-06,341.0,35,38,76,1.0857142857142856,2.0,4.4868421052631575
9,2018-07,289.7,46,50,85,1.0869565217391304,1.7,3.408235294117647
9,2018-08,327.5,52,56,95,1.0769230769230769,1.6964285714285714,3.4473684210526314
9,2018-09,369.7,55,59,107,1.0727272727272728,1.8135593220338984,3.4551401869158878
9,2018-10,361.0,55,57,104,1.0363636363636364,1.8245614035087718,3.4711538461538463
9,2018-11,374.4,61,65,111,1.0655737704918034,1.7076923076923076,3.3729729729729727
9,2018-12,382.6,58,61,110,1.0517241379310345,1.8032786885245902,3.4781818181818185
9,2019-01,399.4,65,66,117,1.0153846153846153,1.7727272727272727,3.4136752136752135
9,2019-02,259.4,43,45,76,1.0465116279069768,1.6888888888888889,3.413157894736842
9,2019-03,367.6,50,54,100,1.08,1.8518518518518519,3.676
9,2019-04,267.6,45,46,81,1.0222222222222221,1.7608695652173914,3.303703703703704
9,2019-05,345.8,54,55,102,1.0185185185185186,1.8545454545454545,3.3901960784313725
9,2019-06,267.7,44,45,78,1.0227272727272727,1.7333333333333334,3.432051282051282
10,2018-07,892.0,100,122,244,1.22,2.0,3.6557377049180326
10,2018-08,878.65,96,123,239,1.28125,1.943089430894309,3.676359832635983
10,2018-09,945.0,112,136,278,1.2142857142857142,2.0441176470588234,3.3992805755395685
10,2018-10,910.8,93,125,254,1.3440860215053763,2.032,3.5858267716535432
10,2018-11,885.0,100,128,256,1.28,2.0,3.45703125
10,2018-12,936.6,108,134,272,1.2407407407407407,2.029850746268657,3.4433823529411764
10,2019-01,878.6,102,126,252,1.2352941176470589,2.0,3.4865079365079366
10,2019-02,853.0,97,121,242,1.2474226804123711,2.0,3.524793388429752
10,2019-03,862.0,98,120,240,1.2244897959183674,2.0,3.591666666666667
10,2019-04,746.2,85,105,212,1.2352941176470589,2.019047619047619,3.5198113207547173
10,2019-05,762.05,90,111,219,1.2333333333333334,1.972972972972973,3.4796803652968036
10,2019-06,752.4,87,104,210,1.1954022988505748,2.019230769230769,3.5828571428571427
12,2018-07,429.6,47,49,98,1.0425531914893618,2.0,4.383673469387755
12,2018-08,360.8,44,45,85,1.0227272727272727,1.8888888888888888,4.2447058823529416
12,2018-09,417.6,48,49,98,1.0208333333333333,2.0,4.261224489795919
12,2018-10,423.6,43,46,94,1.069767441860465,2.0434782608695654,4.506382978723405
12,2018-11,456.6,49,51,102,1.0408163265306123,2.0,4.476470588235294
12,2018-12,495.2,53,57,114,1.0754716981132075,2.0,4.343859649122807
12,2019-01,451.8,46,49,100,1.065217391304348,2.0408163265306123,4.518
12,2019-02,334.4,38,38,76,1.0,2.0,4.3999999999999995
12,2019-03,491.6,47,53,106,1.127659574468085,2.0,4.637735849056604
12,2019-04,467.2,44,49,100,1.1136363636363635,2.0408163265306123,4.672
12,2019-05,375.5,47,48,88,1.0212765957446808,1.8333333333333333,4.267045454545454
12,2019-06,306.0,35,36,72,1.0285714285714285,2.0,4.25
13,2018-07,811.8,97,120,240,1.2371134020618557,2.0,3.3825
13,2018-08,756.9,96,113,220,1.1770833333333333,1.9469026548672566,3.4404545454545454
13,2018-09,840.0,96,123,246,1.28125,2.0,3.4146341463414633
13,2018-10,851.0,97,122,246,1.2577319587628866,2.0163934426229506,3.459349593495935
13,2018-11,1049.4,120,152,308,1.2666666666666666,2.026315789473684,3.4071428571428575
13,2018-12,878.6,106,130,264,1.2264150943396226,2.0307692307692307,3.328030303030303
13,2019-01,927.0,97,130,260,1.3402061855670102,2.0,3.5653846153846156
13,2019-02,868.0,101,125,254,1.2376237623762376,2.032,3.4173228346456694
13,2019-03,1035.6,111,147,300,1.3243243243243243,2.0408163265306123,3.4519999999999995
13,2019-04,1024.4,101,140,286,1.386138613861386,2.0428571428571427,3.581818181818182
13,2019-05,803.2,93,127,237,1.3655913978494623,1.8661417322834646,3.389029535864979
13,2019-06,840.6,94,122,244,1.297872340425532,2.0,3.445081967213115
14,2018-07,46.9,8,8,15,1.0,1.875,3.1266666666666665
14,2018-08,46.8,8,8,14,1.0,1.75,3.3428571428571425
14,2018-09,47.5,7,7,13,1.0,1.8571428571428572,3.6538461538461537
14,2018-10,42.0,6,6,11,1.0,1.8333333333333333,3.8181818181818183
14,2018-11,47.6,8,8,14,1.0,1.75,3.4
14,2018-12,34.4,6,6,12,1.0,2.0,2.8666666666666667
14,2019-01,18.0,3,3,6,1.0,2.0,3.0
14,2019-02,34.4,5,5,10,1.0,2.0,3.44
14,2019-03,13.2,2,2,4,1.0,2.0,3.3
14,2019-04,17.3,3,3,5,1.0,1.6666666666666667,3.46
14,2019-05,9.4,3,3,4,1.0,1.3333333333333333,2.35
14,2019-06,53.2,7,7,12,1.0,1.7142857142857142,4.433333333333334
15,2018-07,742.6,84,103,206,1.2261904761904763,2.0,3.604854368932039
15,2018-08,840.2,105,129,250,1.2285714285714286,1.937984496124031,3.3608000000000002
15,2018-09,837.0,89,119,238,1.3370786516853932,2.0,3.5168067226890756
15,2018-10,828.4,88,114,228,1.2954545454545454,2.0,3.6333333333333333
15,2018-11,647.2,78,96,192,1.2307692307692308,2.0,3.3708333333333336
15,2018-12,917.0,101,134,270,1.3267326732673268,2.014925373134328,3.3962962962962964
15,2019-01,873.8,99,124,248,1.2525252525252526,2.0,3.523387096774193
15,2019-02,700.8,78,95,192,1.2179487179487178,2.0210526315789474,3.65
15,2019-03,773.0,88,109,218,1.2386363636363635,2.0,3.5458715596330275
15,2019-04,738.4,87,110,220,1.264367816091954,2.0,3.3563636363636364
15,2019-05,768.85,95,117,219,1.231578947368421,1.8717948717948718,3.510730593607306
15,2019-06,818.8,94,122,246,1.297872340425532,2.0163934426229506,3.3284552845528452
16,2018-07,113.8,32,33,33,1.03125,1.0,3.4484848484848483
16,2018-08,149.2,35,36,40,1.0285714285714285,1.1111111111111112,3.7299999999999995
16,2018-09,140.2,35,39,41,1.1142857142857143,1.0512820512820513,3.419512195121951
16,2018-10,138.6,39,41,41,1.0512820512820513,1.0,3.3804878048780487
16,2018-11,150.1,40,41,41,1.025,1.0,3.6609756097560973
16,2018-12,176.8,45,48,51,1.0666666666666667,1.0625,3.466666666666667
16,2019-01,153.3,41,41,41,1.0,1.0,3.7390243902439027
16,2019-02,128.4,34,35,36,1.0294117647058822,1.0285714285714285,3.566666666666667
16,2019-03,156.7,38,41,41,1.0789473684210527,1.0,3.821951219512195
16,2019-04,82.3,26,26,26,1.0,1.0,3.1653846153846152
16,2019-05,133.5,31,32,38,1.032258064516129,1.1875,3.513157894736842
16,2019-06,109.2,28,28,28,1.0,1.0,3.9
17,2018-07,485.7,56,57,109,1.0178571428571428,1.912280701754386,4.455963302752293
17,2018-08,353.3,40,42,78,1.05,1.8571428571428572,4.529487179487179
17,2018-09,377.0,40,43,83,1.075,1.930232558139535,4.542168674698795
17,2018-10,341.1,41,41,76,1.0,1.853658536585366,4.488157894736842
17,2018-11,403.6,42,46,88,1.0952380952380953,1.9130434782608696,4.586363636363637
17,2018-12,463.0,48,53,103,1.1041666666666667,1.9433962264150944,4.495145631067961
17,2019-01,364.6,39,43,83,1.1025641025641026,1.930232558139535,4.392771084337349
17,2019-02,386.0,44,47,91,1.0681818181818181,1.9361702127659575,4.241758241758242
17,2019-03,440.3,50,52,101,1.04,1.9423076923076923,4.359405940594059
17,2019-04,400.4,45,49,92,1.0888888888888888,1.8775510204081634,4.352173913043478
17,2019-05,333.2,42,43,80,1.0238095238095237,1.8604651162790697,4.165
17,2019-06,288.4,36,36,67,1.0,1.8611111111111112,4.304477611940298
18,2018-07,326.6,52,55,88,1.0576923076923077,1.6,3.7113636363636364
18,2018-08,273.6,48,50,73,1.0416666666666667,1.46,3.747945205479452
18,2018-09,262.5,43,47,74,1.0930232558139534,1.574468085106383,3.5472972972972974
18,2018-10,336.6,58,62,97,1.0689655172413792,1.564516129032258,3.4701030927835053
18,2018-11,258.0,45,48,74,1.0666666666666667,1.5416666666666667,3.4864864864864864
18,2018-12,247.6,35,39,68,1.1142857142857143,1.7435897435897436,3.6411764705882352
18,2019-01,266.7,47,48,74,1.0212765957446808,1.5416666666666667,3.6040540540540538
18,2019-02,190.4,32,33,52,1.03125,1.5757575757575757,3.661538461538462
18,2019-03,269.5,47,48,78,1.0212765957446808,1.625,3.4551282051282053
18,2019-04,259.6,48,51,76,1.0625,1.4901960784313726,3.4157894736842107
18,2019-05,288.0,48,50,81,1.0416666666666667,1.62,3.5555555555555554
18,2019-06,290.6,46,48,79,1.0434782608695652,1.6458333333333333,3.6784810126582284
19,2018-07,729.1,84,95,163,1.130952380952381,1.7157894736842105,4.473006134969325
19,2018-08,737.8,86,98,170,1.1395348837209303,1.7346938775510203,4.34
19,2018-09,774.6,81,96,169,1.1851851851851851,1.7604166666666667,4.583431952662722
19,2018-10,778.8,86,98,172,1.1395348837209303,1.7551020408163265,4.527906976744186
19,2018-11,764.7,88,100,176,1.1363636363636365,1.76,4.3448863636363635
19,2018-12,667.6,82,91,152,1.1097560975609757,1.6703296703296704,4.3921052631578945
19,2019-01,992.0,111,125,224,1.1261261261261262,1.792,4.428571428571429
19,2019-02,742.1,82,91,161,1.1097560975609757,1.7692307692307692,4.609316770186336
19,2019-03,548.9,66,72,126,1.0909090909090908,1.75,4.356349206349206
19,2019-04,714.2,81,89,161,1.0987654320987654,1.8089887640449438,4.436024844720497
19,2019-05,844.4,93,108,191,1.1612903225806452,1.7685185185185186,4.4209424083769635
19,2019-06,678.7,71,83,154,1.1690140845070423,1.855421686746988,4.4071428571428575
20,2018-07,269.2,56,57,72,1.0178571428571428,1.263157894736842,3.738888888888889
20,2018-08,195.7,40,42,54,1.05,1.2857142857142858,3.624074074074074
20,2018-09,215.9,46,48,64,1.0434782608695652,1.3333333333333333,3.3734375
20,2018-10,174.3,44,44,53,1.0,1.2045454545454546,3.288679245283019
20,2018-11,154.7,36,37,46,1.0277777777777777,1.2432432432432432,3.3630434782608694
20,2018-12,170.6,37,40,50,1.0810810810810811,1.25,3.412
20,2019-01,188.2,41,44,55,1.0731707317073171,1.25,3.4218181818181814
20,2019-02,174.0,39,41,52,1.0512820512820513,1.2682926829268293,3.3461538461538463
20,2019-03,269.5,56,60,77,1.0714285714285714,1.2833333333333334,3.5
20,2019-04,211.8,45,45,60,1.0,1.3333333333333333,3.5300000000000002
20,2019-05,230.85,44,47,70,1.0681818181818181,1.4893617021276595,3.2978571428571426
20,2019-06,264.5,52,54,73,1.0384615384615385,1.3518518518518519,3.6232876712328768
21,2018-07,409.4,42,46,92,1.0952380952380953,2.0,4.45
21,2018-08,510.1,56,63,117,1.125,1.8571428571428572,4.35982905982906
21,2018-09,382.6,41,46,91,1.1219512195121952,1.9782608695652173,4.204395604395605
21,2018-10,341.6,38,40,80,1.0526315789473684,2.0,4.2700000000000005
21,2018-11,554.4,59,63,126,1.0677966101694916,2.0,4.3999999999999995
21,2018-12,480.8,51,54,108,1.0588235294117647,2.0,4.451851851851852
21,2019-01,415.2,45,47,96,1.0444444444444445,2.0425531914893615,4.325
21,2019-02,406.8,43,46,92,1.069767441860465,2.0,4.421739130434783
21,2019-03,384.0,43,45,90,1.0465116279069768,2.0,4.266666666666667
21,2019-04,390.6,42,45,90,1.0714285714285714,2.0,4.34
21,2019-05,486.0,55,61,112,1.1090909090909091,1.8360655737704918,4.339285714285714
21,2019-06,393.4,41,42,84,1.024390243902439,2.0,4.683333333333333
22,2018-07,309.2,49,51,94,1.0408163265306123,1.8431372549019607,3.2893617021276595
22,2018-08,201.3,36,36,59,1.0,1.6388888888888888,3.411864406779661
22,2018-09,302.9,42,43,82,1.0238095238095237,1.9069767441860466,3.6939024390243897
22,2018-10,347.5,50,53,99,1.06,1.8679245283018868,3.51010101010101
22,2018-11,262.2,42,42,78,1.0,1.8571428571428572,3.3615384615384616
22,2018-12,230.5,37,39,70,1.054054054054054,1.794871794871795,3.2928571428571427
22,2019-01,325.8,48,55,96,1.1458333333333333,1.7454545454545454,3.3937500000000003
22,2019-02,365.4,46,49,98,1.065217391304348,2.0,3.728571428571428
22,2019-03,316.2,49,50,91,1.0204081632653061,1.82,3.474725274725275
22,2019-04,341.4,55,57,108,1.0363636363636364,1.894736842105263,3.161111111111111
22,2019-05,415.5,59,63,111,1.0677966101694916,1.7619047619047619,3.7432432432432434
22,2019-06,271.5,36,42,80,1.1666666666666667,1.9047619047619047,3.39375
23,2018-07,890.8,96,124,252,1.2916666666666667,2.032258064516129,3.534920634920635
23,2018-08,952.1,105,144,272,1.3714285714285714,1.8888888888888888,3.5003676470588236
23,2018-09,720.8,88,104,216,1.1818181818181819,2.076923076923077,3.337037037037037
23,2018-10,793.4,87,111,222,1.2758620689655173,2.0,3.5738738738738736
23,2018-11,826.0,94,119,240,1.2659574468085106,2.0168067226890756,3.441666666666667
23,2018-12,985.0,100,137,278,1.37,2.0291970802919708,3.5431654676258995
23,2019-01,930.8,103,134,270,1.3009708737864079,2.014925373134328,3.447407407407407
23,2019-02,867.8,100,125,254,1.25,2.032,3.416535433070866
23,2019-03,767.6,86,104,212,1.2093023255813953,2.0384615384615383,3.620754716981132
23,2019-04,912.0,96,127,256,1.3229166666666667,2.015748031496063,3.5625
23,2019-05,841.5,96,125,243,1.3020833333333333,1.944,3.462962962962963
23,2019-06,818.0,103,118,236,1.145631067961165,2.0,3.4661016949152543
24,2018-07,719.2,90,107,214,1.1888888888888889,2.0,3.360747663551402
24,2018-08,792.7,90,115,226,1.2777777777777777,1.9652173913043478,3.5075221238938057
24,2018-09,857.4,95,123,246,1.2947368421052632,2.0,3.4853658536585366
24,2018-10,833.2,89,119,238,1.3370786516853932,2.0,3.500840336134454
24,2018-11,702.0,86,101,208,1.1744186046511629,2.0594059405940595,3.375
24,2018-12,644.0,79,95,190,1.2025316455696202,2.0,3.389473684210526
24,2019-01,820.6,98,118,238,1.2040816326530612,2.016949152542373,3.4478991596638657
24,2019-02,693.2,79,93,186,1.1772151898734178,2.0,3.7268817204301077
24,2019-03,830.6,90,118,238,1.3111111111111111,2.016949152542373,3.4899159663865547
24,2019-04,751.2,84,110,222,1.3095238095238095,2.018181818181818,3.383783783783784
24,2019-05,804.9,95,125,241,1.3157894736842106,1.928,3.3398340248962657
24,2019-06,781.0,89,115,232,1.2921348314606742,2.017391304347826,3.3663793103448274
25,2018-07,414.6,43,47,94,1.0930232558139534,2.0,4.410638297872341
25,2018-08,340.3,34,39,75,1.1470588235294117,1.9230769230769231,4.537333333333334
25,2018-09,398.6,42,45,90,1.0714285714285714,2.0,4.428888888888889
25,2018-10,496.8,53,57,114,1.0754716981132075,2.0,4.3578947368421055
25,2018-11,554.2,57,63,126,1.105263157894737,2.0,4.398412698412699
25,2018-12,472.2,49,53,106,1.0816326530612246,2.0,4.4547169811320755
25,2019-01,443.6,45,48,96,1.0666666666666667,2.0,4.620833333333334
25,2019-02,430.6,46,49,98,1.065217391304348,2.0,4.393877551020409
25,2019-03,451.8,49,51,104,1.0408163265306123,2.0392156862745097,4.344230769230769
25,2019-04,458.8,48,51,102,1.0625,2.0,4.4980392156862745
25,2019-05,405.35,47,49,93,1.0425531914893618,1.8979591836734695,4.358602150537634
25,2019-06,430.8,45,48,96,1.0666666666666667,2.0,4.4875
26,2018-07,1245.0,127,142,286,1.1181102362204725,2.0140845070422535,4.353146853146853
26,2018-08,1092.8,113,131,248,1.1592920353982301,1.8931297709923665,4.406451612903226
26,2018-09,1262.8,123,138,276,1.1219512195121952,2.0,4.57536231884058
26,2018-10,1123.8,108,127,254,1.1759259259259258,2.0,4.424409448818897
26,2018-11,1248.0,113,138,276,1.2212389380530972,2.0,4.521739130434782
26,2018-12,1337.4,124,149,298,1.2016129032258065,2.0,4.487919463087248
26,2019-01,1153.6,110,131,262,1.190909090909091,2.0,4.403053435114503
26,2019-02,1089.8,104,122,248,1.1730769230769231,2.0327868852459017,4.394354838709678
26,2019-03,1313.2,131,147,298,1.1221374045801527,2.0272108843537415,4.406711409395974
26,2019-04,1233.4,117,140,282,1.1965811965811965,2.0142857142857142,4.373758865248227
26,2019-05,1121.3,105,130,250,1.2380952380952381,1.9230769230769231,4.4852
26,2019-06,1248.2,112,137,278,1.2232142857142858,2.0291970802919708,4.489928057553957
27,2018-07,470.1,51,53,105,1.0392156862745099,1.9811320754716981,4.477142857142858
27,2018-08,526.9,56,60,118,1.0714285714285714,1.9666666666666666,4.465254237288136
27,2018-09,436.40000000000003,49,50,100,1.0204081632653061,2.0,4.364000000000001
27,2018-10,316.6,34,36,71,1.0588235294117647,1.9722222222222223,4.4591549295774655
27,2018-11,403.1,46,46,90,1.0,1.9565217391304348,4.478888888888889
27,2018-12,410.0,46,47,92,1.0217391304347827,1.9574468085106382,4.456521739130435
27,2019-01,424.0,45,47,91,1.0444444444444445,1.9361702127659575,4.65934065934066
27,2019-02,342.4,38,41,82,1.0789473684210527,2.0,4.175609756097561
27,2019-03,459.4,46,52,100,1.1304347826086956,1.9230769230769231,4.593999999999999
27,2019-04,488.9,50,55,108,1.1,1.9636363636363636,4.526851851851852
27,2019-05,363.4,44,46,81,1.0454545454545454,1.7608695652173914,4.48641975308642
27,2019-06,479.5,54,55,108,1.0185185185185186,1.9636363636363636,4.439814814814815
28,2018-07,754.0,90,109,218,1.211111111111111,2.0,3.458715596330275
28,2018-08,753.95,97,117,218,1.2061855670103092,1.8632478632478633,3.4584862385321102
28,2018-09,787.8,84,108,216,1.2857142857142858,2.0,3.647222222222222
28,2018-10,733.0,91,104,210,1.1428571428571428,2.019230769230769,3.4904761904761905
28,2018-11,895.0,101,125,250,1.2376237623762376,2.0,3.58
28,2018-12,851.2,107,134,268,1.2523364485981308,2.0,3.176119402985075
28,2019-01,794.4,91,114,232,1.2527472527472527,2.0350877192982457,3.424137931034483
28,2019-02,843.2,92,117,238,1.2717391304347827,2.034188034188034,3.542857142857143
28,2019-03,701.2,78,96,198,1.2307692307692308,2.0625,3.541414141414142
28,2019-04,854.0,94,117,236,1.2446808510638299,2.017094017094017,3.6186440677966103
28,2019-05,615.6,79,93,182,1.1772151898734178,1.956989247311828,3.3824175824175824
28,2019-06,791.0,89,112,224,1.2584269662921348,2.0,3.53125
29,2018-07,309.2,37,37,71,1.0,1.9189189189189189,4.354929577464788
29,2018-08,382.3,41,43,84,1.048780487804878,1.9534883720930232,4.5511904761904765
29,2018-09,475.3,48,54,105,1.125,1.9444444444444444,4.526666666666666
29,2018-10,295.0,34,35,68,1.0294117647058822,1.9428571428571428,4.338235294117647
29,2018-11,348.2,36,39,77,1.0833333333333333,1.9743589743589745,4.522077922077922
29,2018-12,416.8,45,49,95,1.0888888888888888,1.9387755102040816,4.387368421052631
29,2019-01,455.2,49,53,105,1.0816326530612246,1.9811320754716981,4.335238095238095
29,2019-02,340.2,35,39,78,1.1142857142857143,2.0,4.361538461538461
29,2019-03,422.9,48,51,100,1.0625,1.9607843137254901,4.229
29,2019-04,391.7,42,44,85,1.0476190476190477,1.9318181818181819,4.608235294117647
29,2019-05,472.3,54,59,111,1.0925925925925926,1.88135593220339,4.254954954954955
29,2019-06,388.4,46,46,89,1.0,1.934782608695652,4.3640449438202245
30,2018-07,879.8,94,123,248,1.3085106382978724,2.016260162601626,3.54758064516129
30,2018-08,935.8,111,136,271,1.2252252252252251,1.9926470588235294,3.4531365313653133
30,2018-09,860.6,96,116,238,1.2083333333333333,2.0517241379310347,3.615966386554622
30,2018-10,862.6,100,121,246,1.21,2.0330578512396693,3.5065040650406507
30,2018-11,819.0,93,115,232,1.2365591397849462,2.017391304347826,3.5301724137931036
30,2018-12,1014.0,99,131,266,1.3232323232323233,2.030534351145038,3.81203007518797
30,2019-01,822.8,93,117,234,1.2580645161290323,2.0,3.516239316239316
30,2019-02,838.0,94,123,246,1.3085106382978724,2.0,3.4065040650406506
30,2019-03,937.4,99,125,254,1.2626262626262625,2.032,3.690551181102362
30,2019-04,811.0,91,113,228,1.2417582417582418,2.017699115044248,3.557017543859649
30,2019-05,778.5,96,118,230,1.2291666666666667,1.9491525423728813,3.384782608695652
30,2019-06,800.0,94,116,234,1.2340425531914894,2.0172413793103448,3.4188034188034186
32,2018-07,761.4,90,107,218,1.1888888888888889,2.0373831775700935,3.4926605504587154
32,2018-08,751.0,93,112,220,1.2043010752688172,1.9642857142857142,3.4136363636363636
32,2018-09,779.0,86,113,226,1.313953488372093,2.0,3.4469026548672566
32,2018-10,1002.4,101,142,286,1.4059405940594059,2.0140845070422535,3.504895104895105
32,2018-11,1033.6,109,142,290,1.3027522935779816,2.0422535211267605,3.5641379310344825
32,2018-12,921.4,103,131,270,1.2718446601941749,2.0610687022900764,3.4125925925925924
32,2019-01,830.4,81,114,232,1.4074074074074074,2.0350877192982457,3.579310344827586
32,2019-02,575.0,70,81,166,1.1571428571428573,2.049382716049383,3.463855421686747
32,2019-03,792.4,85,111,224,1.3058823529411765,2.018018018018018,3.5375
32,2019-04,851.6,97,118,238,1.2164948453608246,2.016949152542373,3.578151260504202
32,2019-05,864.3,99,128,242,1.292929292929293,1.890625,3.5714876033057847
32,2019-06,821.0,91,119,238,1.3076923076923077,2.0,3.4495798319327733
33,2018-07,1045.6,116,152,306,1.3103448275862069,2.013157894736842,3.4169934640522874
33,2018-08,934.8000000000001,109,142,275,1.3027522935779816,1.9366197183098592,3.3992727272727277
33,2018-09,921.0,103,128,258,1.2427184466019416,2.015625,3.5697674418604652
33,2018-10,927.8,106,130,262,1.2264150943396226,2.0153846153846153,3.541221374045801
33,2018-11,888.0,102,126,252,1.2352941176470589,2.0,3.5238095238095237
33,2018-12,972.8,105,135,272,1.2857142857142858,2.0148148148148146,3.576470588235294
33,2019-01,970.6,103,136,277,1.3203883495145632,2.036764705882353,3.503971119133574
33,2019-02,781.2,89,106,216,1.1910112359550562,2.0377358490566038,3.6166666666666667
33,2019-03,901.4,98,124,250,1.2653061224489797,2.0161290322580645,3.6056
33,2019-04,1087.4,104,150,304,1.4423076923076923,2.026666666666667,3.5769736842105266
33,2019-05,915.2,101,135,258,1.3366336633663367,1.9111111111111112,3.5472868217054265
33,2019-06,818.2,98,119,238,1.2142857142857142,2.0,3.4378151260504204
34,2018-07,335.8,38,40,77,1.0526315789473684,1.925,4.361038961038961
34,2018-08,343.7,44,45,77,1.0227272727272727,1.711111111111111,4.463636363636364
34,2018-09,326.5,38,38,75,1.0,1.9736842105263157,4.3533333333333335
34,2018-10,444.7,50,51,97,1.02,1.9019607843137254,4.5845360824742265
34,2018-11,323.7,37,41,77,1.1081081081081081,1.8780487804878048,4.203896103896104
34,2018-12,455.7,50,55,105,1.1,1.9090909090909092,4.34
34,2019-01,392.0,42,44,85,1.0476190476190477,1.9318181818181819,4.6117647058823525
34,2019-02,273.7,32,34,62,1.0625,1.8235294117647058,4.414516129032258
34,2019-03,332.7,40,40,77,1.0,1.925,4.320779220779221
34,2019-04,419.3,46,48,94,1.0434782608695652,1.9583333333333333,4.4606382978723405
34,2019-05,334.7,37,39,73,1.054054054054054,1.8717948717948718,4.584931506849315
34,2019-06,283.7,32,35,66,1.09375,1.8857142857142857,4.298484848484848
35,2018-07,124.2,36,37,37,1.0277777777777777,1.0,3.3567567567567567
35,2018-08,147.6,40,40,43,1.0,1.075,3.4325581395348834
35,2018-09,121.3,31,32,33,1.032258064516129,1.03125,3.675757575757576
35,2018-10,128.1,33,33,34,1.0,1.0303030303030303,3.7676470588235293
35,2018-11,121.2,34,34,36,1.0,1.0588235294117647,3.3666666666666667
35,2018-12,147.1,35,37,40,1.0571428571428572,1.0810810810810811,3.6774999999999998
35,2019-01,99.5,27,27,27,1.0,1.0,3.685185185185185
35,2019-02,117.2,32,32,34,1.0,1.0625,3.447058823529412
35,2019-03,156.4,38,39,44,1.0263157894736843,1.1282051282051282,3.5545454545454547
35,2019-04,143.6,37,40,41,1.0810810810810811,1.025,3.502439024390244
35,2019-05,176.1,38,42,51,1.105263157894737,1.2142857142857142,3.452941176470588
35,2019-06,126.6,29,31,33,1.0689655172413792,1.064516129032258,3.836363636363636
36,2018-07,1014.2,102,112,226,1.0980392156862746,2.017857142857143,4.487610619469026
36,2018-08,1078.05,111,129,245,1.162162162162162,1.8992248062015504,4.400204081632653
36,2018-09,918.6,95,104,208,1.0947368421052632,2.0,4.416346153846154
36,2018-10,1136.6,114,128,256,1.1228070175438596,2.0,4.43984375
36,2018-11,1098.4,100,122,246,1.22,2.0163934426229506,4.465040650406505
36,2018-12,1014.8000000000001,98,115,230,1.1734693877551021,2.0,4.412173913043478
36,2019-01,923.4,89,106,214,1.1910112359550562,2.018867924528302,4.314953271028037
36,2019-02,905.0,88,101,202,1.1477272727272727,2.0,4.48019801980198
36,2019-03,942.0,94,107,214,1.1382978723404256,2.0,4.401869158878505
36,2019-04,1017.4,97,113,228,1.1649484536082475,2.017699115044248,4.462280701754386
36,2019-05,895.0,98,110,207,1.1224489795918366,1.8818181818181818,4.323671497584541
36,2019-06,1154.8,111,131,264,1.1801801801801801,2.015267175572519,4.374242424242424
37,2018-07,471.6,48,51,100,1.0625,1.9607843137254901,4.716
37,2018-08,547.75,64,67,124,1.046875,1.8507462686567164,4.417338709677419
37,2018-09,372.8,44,44,86,1.0,1.9545454545454546,4.334883720930232
37,2018-10,388.4,47,48,94,1.0212765957446808,1.9583333333333333,4.131914893617021
37,2018-11,264.5,30,31,61,1.0333333333333334,1.967741935483871,4.336065573770492
37,2018-12,455.2,49,51,102,1.0408163265306123,2.0,4.462745098039216
37,2019-01,392.1,40,44,86,1.1,1.9545454545454546,4.559302325581395
37,2019-02,350.40000000000003,39,41,80,1.0512820512820513,1.951219512195122,4.380000000000001
37,2019-03,442.2,44,51,102,1.1590909090909092,2.0,4.3352941176470585
37,2019-04,407.6,45,48,96,1.0666666666666667,2.0,4.245833333333334
37,2019-05,276.9,32,32,63,1.0,1.96875,4.395238095238095
37,2019-06,359.0,37,40,80,1.0810810810810811,2.0,4.4875
38,2018-07,301.6,46,48,77,1.0434782608695652,1.6041666666666667,3.9168831168831173
38,2018-08,283.9,50,54,80,1.08,1.4814814814814814,3.5487499999999996
38,2018-09,268.6,43,46,75,1.069767441860465,1.6304347826086956,3.5813333333333337
38,2018-10,240.7,46,48,74,1.0434782608695652,1.5416666666666667,3.2527027027027025
38,2018-11,352.2,53,59,98,1.1132075471698113,1.6610169491525424,3.593877551020408
38,2018-12,207.4,36,38,62,1.0555555555555556,1.631578947368421,3.3451612903225807
38,2019-01,299.8,54,58,89,1.0740740740740742,1.5344827586206897,3.3685393258426966
38,2019-02,254.7,46,49,74,1.065217391304348,1.510204081632653,3.441891891891892
38,2019-03,225.1,39,43,66,1.1025641025641026,1.5348837209302326,3.4106060606060606
38,2019-04,239.4,43,43,69,1.0,1.6046511627906976,3.4695652173913043
38,2019-05,220.7,44,46,67,1.0454545454545454,1.4565217391304348,3.2940298507462686
38,2019-06,256.3,43,44,71,1.0232558139534884,1.6136363636363635,3.6098591549295778
39,2018-07,866.0,99,126,256,1.2727272727272727,2.0317460317460316,3.3828125
39,2018-08,919.2,100,130,255,1.3,1.9615384615384615,3.6047058823529414
39,2018-09,873.0,100,121,252,1.21,2.0826446280991737,3.4642857142857144
39,2018-10,844.2,94,119,242,1.2659574468085106,2.033613445378151,3.488429752066116
39,2018-11,856.4,103,126,252,1.2233009708737863,2.0,3.3984126984126983
39,2018-12,857.4,96,124,248,1.2916666666666667,2.0,3.457258064516129
39,2019-01,865.6,94,127,254,1.351063829787234,2.0,3.4078740157480314
39,2019-02,704.2,87,98,200,1.1264367816091954,2.0408163265306123,3.5210000000000004
39,2019-03,912.0,98,131,264,1.336734693877551,2.015267175572519,3.4545454545454546
39,2019-04,863.6,102,134,270,1.3137254901960784,2.014925373134328,3.1985185185185188
39,2019-05,807.65,96,121,237,1.2604166666666667,1.9586776859504131,3.4078059071729956
39,2019-06,812.8,96,115,234,1.1979166666666667,2.034782608695652,3.473504273504273
40,2018-07,1332.0,128,152,306,1.1875,2.013157894736842,4.352941176470588
40,2018-08,1208.0,123,136,268,1.1056910569105691,1.9705882352941178,4.507462686567164
40,2018-09,1312.0,135,150,300,1.1111111111111112,2.0,4.373333333333333
40,2018-10,1323.6,118,144,292,1.2203389830508475,2.0277777777777777,4.5328767123287665
40,2018-11,1099.4,109,122,244,1.1192660550458715,2.0,4.505737704918033
40,2018-12,1335.4,128,152,306,1.1875,2.013157894736842,4.3640522875817
40,2019-01,1256.4,121,144,288,1.1900826446280992,2.0,4.362500000000001
40,2019-02,1355.4,125,149,300,1.192,2.0134228187919465,4.518000000000001
40,2019-03,1277.6,118,141,282,1.194915254237288,2.0,4.530496453900709
40,2019-04,1249.0,119,140,280,1.1764705882352942,2.0,4.460714285714285
40,2019-05,1342.9,136,162,305,1.1911764705882353,1.882716049382716,4.402950819672132
40,2019-06,1467.8,143,164,328,1.1468531468531469,2.0,4.475
41,2018-07,216.4,49,50,61,1.0204081632653061,1.22,3.5475409836065577
41,2018-08,209.8,43,44,58,1.0232558139534884,1.3181818181818181,3.617241379310345
41,2018-09,216.1,44,46,58,1.0454545454545454,1.2608695652173914,3.725862068965517
41,2018-10,156.5,34,38,46,1.1176470588235294,1.2105263157894737,3.402173913043478
41,2018-11,199.3,46,47,60,1.0217391304347827,1.2765957446808511,3.3216666666666668
41,2018-12,214.5,46,50,63,1.0869565217391304,1.26,3.4047619047619047
41,2019-01,169.0,36,37,45,1.0277777777777777,1.2162162162162162,3.7555555555555555
41,2019-02,234.6,50,50,69,1.0,1.38,3.4
41,2019-03,226.2,46,49,67,1.065217391304348,1.3673469387755102,3.3761194029850743
41,2019-04,231.3,47,49,65,1.0425531914893618,1.3265306122448979,3.558461538461539
41,2019-05,258.8,51,52,66,1.0196078431372548,1.2692307692307692,3.9212121212121214
41,2019-06,237.7,48,54,65,1.125,1.2037037037037037,3.6569230769230767
42,2018-07,27.3,7,7,9,1.0,1.2857142857142858,3.033333333333333
42,2018-08,44.9,8,8,12,1.0,1.5,3.7416666666666667
42,2018-09,21.2,6,6,8,1.0,1.3333333333333333,2.65
42,2018-10,14.700000000000001,3,3,4,1.0,1.3333333333333333,3.6750000000000003
42,2018-11,8.4,2,2,2,1.0,1.0,4.2
42,2018-12,12.3,4,4,4,1.0,1.0,3.075
42,2019-01,35.2,9,9,10,1.0,1.1111111111111112,3.5200000000000005
42,2019-02,17.1,4,4,4,1.0,1.0,4.275
42,2019-03,24.2,5,5,6,1.0,1.2,4.033333333333333
42,2019-04,6.7,2,2,2,1.0,1.0,3.35
42,2019-05,30.3,9,9,10,1.0,1.1111111111111112,3.0300000000000002
42,2019-06,15.5,5,5,5,1.0,1.0,3.1
43,2018-07,1003.8,118,146,292,1.2372881355932204,2.0,3.437671232876712
43,2018-08,1005.7,109,149,294,1.3669724770642202,1.9731543624161074,3.4207482993197282
43,2018-09,974.8,100,135,272,1.35,2.0148148148148146,3.5838235294117644
43,2018-10,1026.4,111,145,292,1.3063063063063063,2.013793103448276,3.515068493150685
43,2018-11,950.8,104,133,266,1.2788461538461537,2.0,3.574436090225564
43,2018-12,1274.8,125,169,340,1.352,2.0118343195266273,3.749411764705882
43,2019-01,1002.8,111,141,284,1.2702702702702702,2.0141843971631204,3.5309859154929577
43,2019-02,852.2,99,121,242,1.2222222222222223,2.0,3.5214876033057854
43,2019-03,1118.2,118,160,320,1.3559322033898304,2.0,3.4943750000000002
43,2019-04,972.2,102,136,275,1.3333333333333333,2.0220588235294117,3.5352727272727273
43,2019-05,1083.65,122,159,308,1.3032786885245902,1.9371069182389937,3.518344155844156
43,2019-06,1119.2,120,167,334,1.3916666666666666,2.0,3.3508982035928145
45,2018-07,981.2,115,145,290,1.2608695652173914,2.0,3.383448275862069
45,2018-08,669.1,84,102,189,1.2142857142857142,1.8529411764705883,3.5402116402116404
45,2018-09,695.4,84,99,200,1.1785714285714286,2.0202020202020203,3.477
45,2018-10,718.0,85,102,208,1.2,2.0392156862745097,3.451923076923077
45,2018-11,809.0,88,113,230,1.2840909090909092,2.0353982300884956,3.517391304347826
45,2018-12,791.0,88,111,224,1.2613636363636365,2.018018018018018,3.53125
45,2019-01,957.4,107,137,278,1.280373831775701,2.0291970802919708,3.4438848920863308
45,2019-02,806.0,85,107,214,1.2588235294117647,2.0,3.7663551401869158
45,2019-03,745.0,88,106,212,1.2045454545454546,2.0,3.5141509433962264
45,2019-04,809.4,90,117,234,1.3,2.0,3.4589743589743587
45,2019-05,661.2,87,106,197,1.2183908045977012,1.8584905660377358,3.356345177664975
45,2019-06,865.8000000000001,96,119,242,1.2395833333333333,2.033613445378151,3.5776859504132235
46,2018-07,253.0,45,48,75,1.0666666666666667,1.5625,3.3733333333333335
46,2018-08,240.7,44,46,67,1.0454545454545454,1.4565217391304348,3.5925373134328358
46,2018-09,233.0,41,43,71,1.048780487804878,1.6511627906976745,3.2816901408450705
46,2018-10,275.1,47,49,81,1.0425531914893618,1.653061224489796,3.3962962962962964
46,2018-11,273.1,42,44,73,1.0476190476190477,1.6590909090909092,3.7410958904109592
46,2018-12,306.9,50,53,85,1.06,1.6037735849056605,3.6105882352941174
46,2019-01,176.20000000000002,33,33,51,1.0,1.5454545454545454,3.454901960784314
46,2019-02,222.4,38,38,68,1.0,1.7894736842105263,3.2705882352941176
46,2019-03,259.2,41,41,70,1.0,1.7073170731707317,3.702857142857143
46,2019-04,260.0,47,49,81,1.0425531914893618,1.653061224489796,3.2098765432098766
46,2019-05,243.55,38,42,73,1.105263157894737,1.7380952380952381,3.3363013698630137
46,2019-06,280.3,47,49,82,1.0425531914893618,1.6734693877551021,3.4182926829268294
47,2018-07,290.3,45,46,88,1.0222222222222221,1.9130434782608696,3.2988636363636363
47,2018-08,407.85,55,59,106,1.0727272727272728,1.7966101694915255,3.8476415094339624
47,2018-09,439.5,60,63,120,1.05,1.9047619047619047,3.6625
47,2018-10,376.7,46,52,103,1.1304347826086956,1.9807692307692308,3.6572815533980583
47,2018-11,325.3,50,53,101,1.06,1.9056603773584906,3.220792079207921
47,2018-12,475.0,71,76,145,1.0704225352112675,1.9078947368421053,3.2758620689655173
47,2019-01,389.8,57,59,111,1.0350877192982457,1.88135593220339,3.511711711711712
47,2019-02,362.5,50,51,100,1.02,1.9607843137254901,3.625
47,2019-03,308.8,44,46,87,1.0454545454545454,1.891304347826087,3.549425287356322
47,2019-04,381.4,53,56,109,1.0566037735849056,1.9464285714285714,3.499082568807339
47,2019-05,365.2,48,50,100,1.0416666666666667,2.0,3.6519999999999997
47,2019-06,385.6,55,59,112,1.0727272727272728,1.8983050847457628,3.442857142857143
48,2018-07,929.4,100,135,270,1.35,2.0,3.442222222222222
48,2018-08,851.1,98,123,237,1.2551020408163265,1.9268292682926829,3.591139240506329
48,2018-09,809.8,92,115,232,1.25,2.017391304347826,3.49051724137931
48,2018-10,879.2,89,120,248,1.348314606741573,2.066666666666667,3.545161290322581
48,2018-11,785.4,93,113,232,1.2150537634408602,2.0530973451327434,3.3853448275862066
48,2018-12,917.2,92,120,242,1.3043478260869565,2.0166666666666666,3.7900826446280993
48,2019-01,940.2,108,133,270,1.2314814814814814,2.030075187969925,3.4822222222222226
48,2019-02,733.0,82,99,202,1.2073170731707317,2.04040404040404,3.628712871287129
48,2019-03,831.8,100,118,240,1.18,2.0338983050847457,3.4658333333333333
48,2019-04,862.4,95,127,260,1.3368421052631578,2.047244094488189,3.316923076923077
48,2019-05,806.7,91,120,231,1.3186813186813187,1.925,3.4922077922077923
48,2019-06,867.2,97,128,260,1.3195876288659794,2.03125,3.3353846153846156
49,2018-07,1099.7,104,127,251,1.2211538461538463,1.9763779527559056,4.381274900398407
49,2018-08,840.7,87,96,191,1.103448275862069,1.9895833333333333,4.401570680628272
49,2018-09,1115.7,105,127,252,1.2095238095238094,1.984251968503937,4.427380952380952
49,2018-10,1098.0,98,123,247,1.2551020408163265,2.008130081300813,4.445344129554656
49,2018-11,1082.3,104,121,243,1.1634615384615385,2.0082644628099175,4.453909465020576
49,2018-12,1149.3,116,128,257,1.103448275862069,2.0078125,4.4719844357976655
49,2019-01,1178.4,114,135,265,1.1842105263157894,1.962962962962963,4.446792452830189
49,2019-02,987.3,104,115,230,1.1057692307692308,2.0,4.292608695652174
49,2019-03,1261.8,124,144,288,1.1612903225806452,2.0,4.38125
49,2019-04,1024.0,107,116,229,1.0841121495327102,1.9741379310344827,4.471615720524017
49,2019-05,1177.4,119,141,272,1.184873949579832,1.929078014184397,4.328676470588236
49,2019-06,1273.1,121,147,291,1.2148760330578512,1.9795918367346939,4.374914089347079
50,2018-07,314.4,53,56,86,1.0566037735849056,1.5357142857142858,3.655813953488372
50,2018-08,292.4,53,56,86,1.0566037735849056,1.5357142857142858,3.4
50,2018-09,258.8,46,50,72,1.0869565217391304,1.44,3.5944444444444446
50,2018-10,252.8,46,50,76,1.0869565217391304,1.52,3.3263157894736843
50,2018-11,222.1,37,38,59,1.027027027027027,1.5526315789473684,3.7644067796610168
50,2018-12,331.2,64,69,99,1.078125,1.434782608695652,3.3454545454545452
50,2019-01,223.9,44,46,64,1.0454545454545454,1.391304347826087,3.4984375
50,2019-02,154.5,32,32,45,1.0,1.40625,3.433333333333333
50,2019-03,227.0,42,45,63,1.0714285714285714,1.4,3.6031746031746033
50,2019-04,242.4,47,49,71,1.0425531914893618,1.4489795918367347,3.4140845070422534
50,2019-05,219.5,39,40,61,1.0256410256410255,1.525,3.598360655737705
50,2019-06,270.8,43,47,74,1.0930232558139534,1.574468085106383,3.65945945945946
51,2018-07,116.2,29,32,34,1.103448275862069,1.0625,3.4176470588235297
51,2018-08,208.3,41,44,59,1.0731707317073171,1.3409090909090908,3.5305084745762714
51,2018-09,155.8,36,39,45,1.0833333333333333,1.1538461538461537,3.4622222222222225
51,2018-10,133.3,30,31,36,1.0333333333333334,1.1612903225806452,3.702777777777778
51,2018-11,174.3,43,44,50,1.0232558139534884,1.1363636363636365,3.486
51,2018-12,185.0,43,46,55,1.069767441860465,1.1956521739130435,3.3636363636363638
51,2019-01,165.0,34,36,43,1.0588235294117647,1.1944444444444444,3.8372093023255816
51,2019-02,208.5,50,50,59,1.0,1.18,3.5338983050847457
51,2019-03,151.1,38,38,44,1.0,1.1578947368421053,3.434090909090909
51,2019-04,165.7,36,38,45,1.0555555555555556,1.1842105263157894,3.682222222222222
51,2019-05,210.0,46,50,58,1.0869565217391304,1.16,3.6206896551724137
51,2019-06,132.3,27,29,36,1.0740740740740742,1.2413793103448276,3.6750000000000003
52,2018-07,28.3,5,5,9,1.0,1.8,3.1444444444444444
52,2018-08,40.3,7,7,13,1.0,1.8571428571428572,3.0999999999999996
52,2018-09,25.799999999999997,4,4,7,1.0,1.75,3.6857142857142855
52,2018-10,34.3,5,5,8,1.0,1.6,4.2875
52,2018-11,35.6,7,7,13,1.0,1.8571428571428572,2.7384615384615385
52,2018-12,47.8,6,6,12,1.0,2.0,3.983333333333333
52,2019-01,42.2,6,6,10,1.0,1.6666666666666667,4.220000000000001
52,2019-02,27.1,4,4,7,1.0,1.75,3.8714285714285714
52,2019-03,42.6,7,7,14,1.0,2.0,3.042857142857143
52,2019-04,46.3,9,9,13,1.0,1.4444444444444444,3.5615384615384613
52,2019-05,32.6,6,6,10,1.0,1.6666666666666667,3.2600000000000002
52,2019-06,62.400000000000006,9,9,15,1.0,1.6666666666666667,4.16
53,2018-07,229.8,42,44,70,1.0476190476190477,1.5909090909090908,3.282857142857143
53,2018-08,255.1,48,49,75,1.0208333333333333,1.530612244897959,3.401333333333333
53,2018-09,188.0,39,40,59,1.0256410256410255,1.475,3.1864406779661016
53,2018-10,238.9,42,45,69,1.0714285714285714,1.5333333333333334,3.46231884057971
53,2018-11,223.8,45,46,63,1.0222222222222221,1.3695652173913044,3.5523809523809526
53,2018-12,302.6,51,55,82,1.0784313725490196,1.490909090909091,3.6902439024390246
53,2019-01,172.9,33,33,49,1.0,1.4848484848484849,3.5285714285714285
53,2019-02,179.1,36,37,54,1.0277777777777777,1.4594594594594594,3.3166666666666664
53,2019-03,225.8,45,45,65,1.0,1.4444444444444444,3.473846153846154
53,2019-04,227.8,39,41,63,1.0512820512820513,1.5365853658536586,3.615873015873016
53,2019-05,272.35,50,52,75,1.04,1.4423076923076923,3.6313333333333335
53,2019-06,198.9,41,42,53,1.024390243902439,1.2619047619047619,3.7528301886792454
54,2018-07,480.8,47,52,104,1.1063829787234043,2.0,4.6230769230769235
54,2018-08,384.2,42,44,86,1.0476190476190477,1.9545454545454546,4.467441860465116
54,2018-09,497.0,51,55,110,1.0784313725490196,2.0,4.5181818181818185
54,2018-10,442.0,51,52,104,1.0196078431372548,2.0,4.25
54,2018-11,504.2,58,61,121,1.0517241379310345,1.9836065573770492,4.166942148760331
54,2018-12,458.2,45,51,102,1.1333333333333333,2.0,4.492156862745098
54,2019-01,559.0,59,62,124,1.0508474576271187,2.0,4.508064516129032
54,2019-02,341.8,37,38,76,1.027027027027027,2.0,4.497368421052632
54,2019-03,458.0,51,52,104,1.0196078431372548,2.0,4.403846153846154
54,2019-04,517.4,54,59,118,1.0925925925925926,2.0,4.384745762711864
54,2019-05,338.55,40,43,76,1.075,1.7674418604651163,4.4546052631578945
54,2019-06,389.7,43,46,91,1.069767441860465,1.9782608695652173,4.282417582417582
55,2018-07,889.6,100,124,256,1.24,2.064516129032258,3.475
55,2018-08,910.3,105,136,269,1.2952380952380953,1.9779411764705883,3.3840148698884756
55,2018-09,1028.8,111,141,284,1.2702702702702702,2.0141843971631204,3.6225352112676057
55,2018-10,1024.4,107,142,290,1.3271028037383177,2.0422535211267605,3.5324137931034487
55,2018-11,779.8,87,111,228,1.2758620689655173,2.054054054054054,3.420175438596491
55,2018-12,834.4,96,123,250,1.28125,2.032520325203252,3.3376
55,2019-01,1003.2,114,140,282,1.2280701754385965,2.0142857142857142,3.5574468085106385
55,2019-02,757.8,95,109,222,1.1473684210526316,2.036697247706422,3.4135135135135135
55,2019-03,943.6,104,136,276,1.3076923076923077,2.0294117647058822,3.418840579710145
55,2019-04,851.8,94,117,238,1.2446808510638299,2.034188034188034,3.578991596638655
55,2019-05,736.85,93,113,208,1.2150537634408602,1.8407079646017699,3.542548076923077
55,2019-06,999.6,105,140,284,1.3333333333333333,2.0285714285714285,3.519718309859155
56,2018-07,674.6,84,94,188,1.119047619047619,2.0,3.5882978723404255
56,2018-08,634.5,81,101,196,1.2469135802469136,1.9405940594059405,3.2372448979591835
56,2018-09,691.0,77,98,198,1.2727272727272727,2.020408163265306,3.48989898989899
56,2018-10,872.0,99,123,246,1.2424242424242424,2.0,3.5447154471544717
56,2018-11,714.0,86,105,212,1.2209302325581395,2.019047619047619,3.3679245283018866
56,2018-12,802.8,89,113,230,1.2696629213483146,2.0353982300884956,3.4904347826086957
56,2019-01,647.0,73,94,190,1.2876712328767124,2.021276595744681,3.405263157894737
56,2019-02,626.6,75,87,176,1.16,2.0229885057471266,3.560227272727273
56,2019-03,699.4,82,100,200,1.2195121951219512,2.0,3.497
56,2019-04,762.6,85,109,220,1.2823529411764707,2.018348623853211,3.4663636363636363
56,2019-05,673.65,82,97,189,1.1829268292682926,1.9484536082474226,3.564285714285714
56,2019-06,594.9,75,89,177,1.1866666666666668,1.9887640449438202,3.361016949152542
57,2018-07,839.6,103,124,250,1.203883495145631,2.0161290322580645,3.3584
57,2018-08,915.4,102,130,249,1.2745098039215685,1.9153846153846155,3.676305220883534
57,2018-09,792.8,99,116,236,1.1717171717171717,2.0344827586206895,3.3593220338983047
57,2018-10,965.8,104,136,272,1.3076923076923077,2.0,3.550735294117647
57,2018-11,830.0,100,117,234,1.17,2.0,3.547008547008547
57,2018-12,951.0,104,131,262,1.2596153846153846,2.0,3.6297709923664123
57,2019-01,852.8,87,120,240,1.3793103448275863,2.0,3.5533333333333332
57,2019-02,919.8,108,129,260,1.1944444444444444,2.0155038759689923,3.5376923076923075
57,2019-03,807.4,99,121,248,1.2222222222222223,2.049586776859504,3.2556451612903223
57,2019-04,900.0,106,137,278,1.2924528301886793,2.0291970802919708,3.237410071942446
57,2019-05,846.7,109,130,246,1.1926605504587156,1.8923076923076922,3.441869918699187
57,2019-06,911.0,104,134,270,1.2884615384615385,2.014925373134328,3.3740740740740742
58,2018-07,1627.2,146,184,371,1.2602739726027397,2.016304347826087,4.385983827493262
58,2018-08,1043.75,106,126,239,1.1886792452830188,1.8968253968253967,4.367154811715481
58,2018-09,1460.8,135,164,332,1.2148148148148148,2.024390243902439,4.3999999999999995
58,2018-10,1430.0,127,157,318,1.236220472440945,2.0254777070063694,4.49685534591195
58,2018-11,1165.0,113,129,264,1.1415929203539823,2.046511627906977,4.412878787878788
58,2018-12,1185.6,124,138,275,1.1129032258064515,1.9927536231884058,4.311272727272727
58,2019-01,1266.4,123,146,293,1.1869918699186992,2.006849315068493,4.322184300341298
58,2019-02,1182.0,118,134,268,1.1355932203389831,2.0,4.41044776119403
58,2019-03,1299.8,121,146,296,1.2066115702479339,2.0273972602739727,4.3912162162162165
58,2019-04,1406.0,126,156,312,1.2380952380952381,2.0,4.506410256410256
58,2019-05,1060.1,108,122,243,1.1296296296296295,1.9918032786885247,4.362551440329217
58,2019-06,1124.8,104,125,252,1.2019230769230769,2.016,4.463492063492064
59,2018-07,1267.6,122,141,280,1.1557377049180328,1.9858156028368794,4.527142857142857
59,2018-08,932.5,100,113,212,1.13,1.8761061946902655,4.398584905660377
59,2018-09,1105.2,110,124,248,1.1272727272727272,2.0,4.456451612903226
59,2018-10,1135.8,106,132,266,1.2452830188679245,2.015151515151515,4.269924812030075
59,2018-11,974.6,98,114,230,1.163265306122449,2.017543859649123,4.237391304347827
59,2018-12,1205.5,120,136,270,1.1333333333333333,1.9852941176470589,4.464814814814815
59,2019-01,1098.0,109,125,249,1.146788990825688,1.992,4.409638554216867
59,2019-02,932.3,99,108,214,1.0909090909090908,1.9814814814814814,4.356542056074766
59,2019-03,1088.8,96,126,252,1.3125,2.0,4.32063492063492
59,2019-04,1079.8,112,124,246,1.1071428571428572,1.9838709677419355,4.389430894308943
59,2019-05,901.65,94,114,210,1.2127659574468086,1.8421052631578947,4.293571428571428
59,2019-06,1230.6,118,139,277,1.1779661016949152,1.9928057553956835,4.442599277978339
60,2018-07,1106.6,106,125,250,1.179245283018868,2.0,4.426399999999999
60,2018-08,1064.6,100,123,241,1.23,1.9593495934959348,4.417427385892116
60,2018-09,1028.7,95,120,237,1.263157894736842,1.975,4.340506329113924
60,2018-10,958.8,95,110,218,1.1578947368421053,1.981818181818182,4.398165137614678
60,2018-11,1169.5,112,133,268,1.1875,2.0150375939849625,4.3638059701492535
60,2018-12,1282.9,116,147,293,1.2672413793103448,1.9931972789115646,4.378498293515358
60,2019-01,1075.4,102,121,241,1.1862745098039216,1.9917355371900827,4.462240663900415
60,2019-02,943.1,96,108,217,1.125,2.009259259259259,4.346082949308756
60,2019-03,1111.2,114,127,252,1.1140350877192982,1.984251968503937,4.40952380952381
60,2019-04,1172.8,109,134,269,1.2293577981651376,2.0074626865671643,4.359851301115241
60,2019-05,1116.9,112,133,254,1.1875,1.9097744360902256,4.397244094488189
60,2019-06,897.2,93,105,210,1.1290322580645162,2.0,4.272380952380953
61,2018-07,38.4,6,6,12,1.0,2.0,3.1999999999999997
61,2018-08,27.900000000000002,6,6,8,1.0,1.3333333333333333,3.4875000000000003
61,2018-09,99.0,13,13,26,1.0,2.0,3.8076923076923075
61,2018-10,56.0,7,7,14,1.0,2.0,4.0
61,2018-11,47.0,8,8,16,1.0,2.0,2.9375
61,2018-12,27.799999999999997,4,4,8,1.0,2.0,3.4749999999999996
61,2019-01,42.2,8,8,15,1.0,1.875,2.8133333333333335
61,2019-02,47.1,9,9,17,1.0,1.8888888888888888,2.7705882352941176
61,2019-03,72.8,11,11,22,1.0,2.0,3.309090909090909
61,2019-04,52.400000000000006,6,6,12,1.0,2.0,4.366666666666667
61,2019-05,27.5,5,6,11,1.2,1.8333333333333333,2.5
61,2019-06,24.8,4,4,8,1.0,2.0,3.1
62,2018-07,983.6,108,138,278,1.2777777777777777,2.0144927536231885,3.538129496402878
62,2018-08,792.4,96,115,227,1.1979166666666667,1.9739130434782608,3.490748898678414
62,2018-09,972.8,103,134,272,1.3009708737864079,2.029850746268657,3.576470588235294
62,2018-10,840.2,100,122,246,1.22,2.0163934426229506,3.415447154471545
62,2018-11,952.8,97,134,272,1.3814432989690721,2.029850746268657,3.5029411764705882
62,2018-12,912.4,107,135,270,1.2616822429906542,2.0,3.379259259259259
62,2019-01,887.8,98,125,254,1.2755102040816326,2.032,3.4952755905511808
62,2019-02,864.4,101,123,248,1.2178217821782178,2.016260162601626,3.485483870967742
62,2019-03,889.8,103,128,258,1.2427184466019416,2.015625,3.4488372093023254
62,2019-04,885.2,103,126,252,1.2233009708737863,2.0,3.512698412698413
62,2019-05,754.9,94,114,219,1.2127659574468086,1.9210526315789473,3.4470319634703195
62,2019-06,846.8,96,120,240,1.25,2.0,3.5283333333333333
63,2018-07,1053.2,113,141,284,1.247787610619469,2.0141843971631204,3.7084507042253523
63,2018-08,986.6,111,144,280,1.2972972972972974,1.9444444444444444,3.5235714285714286
63,2018-09,972.6,111,136,276,1.2252252252252251,2.0294117647058822,3.523913043478261
63,2018-10,908.0,100,130,260,1.3,2.0,3.4923076923076923
63,2018-11,950.4,111,140,280,1.2612612612612613,2.0,3.394285714285714
63,2018-12,992.8,115,141,286,1.2260869565217392,2.028368794326241,3.471328671328671
63,2019-01,1019.8000000000001,113,148,296,1.3097345132743363,2.0,3.4452702702702704
63,2019-02,781.2,89,110,220,1.2359550561797752,2.0,3.5509090909090912
63,2019-03,1125.2,121,157,314,1.2975206611570247,2.0,3.58343949044586
63,2019-04,1029.0,121,148,298,1.2231404958677685,2.0135135135135136,3.453020134228188
63,2019-05,1151.0,133,175,339,1.3157894736842106,1.937142857142857,3.3952802359882006
63,2019-06,1115.2,118,161,326,1.3644067796610169,2.0248447204968945,3.4208588957055217
64,2018-07,515.4,54,58,116,1.0740740740740742,2.0,4.443103448275862
64,2018-08,374.3,42,45,86,1.0714285714285714,1.9111111111111112,4.352325581395349
64,2018-09,419.4,44,46,92,1.0454545454545454,2.0,4.558695652173912
64,2018-10,482.6,50,54,108,1.08,2.0,4.468518518518518
64,2018-11,389.6,39,43,86,1.1025641025641026,2.0,4.530232558139535
64,2018-12,363.40000000000003,39,41,82,1.0512820512820513,2.0,4.431707317073172
64,2019-01,358.8,37,40,80,1.0810810810810811,2.0,4.485
64,2019-02,339.6,39,40,80,1.0256410256410255,2.0,4.245
64,2019-03,473.6,50,55,110,1.1,2.0,4.305454545454546
64,2019-04,401.6,44,45,89,1.0227272727272727,1.9777777777777779,4.512359550561798
64,2019-05,425.3,49,53,98,1.0816326530612246,1.849056603773585,4.339795918367347
64,2019-06,351.0,39,40,80,1.0256410256410255,2.0,4.3875
65,2018-07,1013.4,103,114,225,1.1067961165048543,1.9736842105263157,4.504
65,2018-08,965.0,100,117,220,1.17,1.8803418803418803,4.386363636363637
65,2018-09,952.7,93,112,216,1.2043010752688172,1.9285714285714286,4.410648148148148
65,2018-10,1113.8,108,129,249,1.1944444444444444,1.930232558139535,4.473092369477912
65,2018-11,1111.8,108,129,254,1.1944444444444444,1.9689922480620154,4.3771653543307085
65,2018-12,1274.4,124,146,287,1.1774193548387097,1.9657534246575343,4.4404181184669
65,2019-01,1171.3,114,133,264,1.1666666666666667,1.9849624060150375,4.436742424242424
65,2019-02,1234.7,116,142,280,1.2241379310344827,1.971830985915493,4.409642857142857
65,2019-03,1117.0,112,132,260,1.1785714285714286,1.9696969696969697,4.296153846153846
65,2019-04,933.0,95,107,208,1.1263157894736842,1.9439252336448598,4.485576923076923
65,2019-05,1066.55,105,128,236,1.2190476190476192,1.84375,4.519279661016949
65,2019-06,1061.4,109,122,238,1.1192660550458715,1.9508196721311475,4.459663865546219
66,2018-07,371.6,43,44,85,1.0232558139534884,1.9318181818181819,4.371764705882353
66,2018-08,484.8,51,56,110,1.0980392156862746,1.9642857142857142,4.407272727272727
66,2018-09,484.6,48,55,110,1.1458333333333333,2.0,4.405454545454545
66,2018-10,386.6,42,43,86,1.0238095238095237,2.0,4.495348837209303
66,2018-11,299.0,35,35,70,1.0,2.0,4.271428571428571
66,2018-12,443.2,43,49,97,1.1395348837209303,1.9795918367346939,4.569072164948453
66,2019-01,482.0,50,55,109,1.1,1.981818181818182,4.422018348623853
66,2019-02,333.2,34,37,74,1.088235294117647,2.0,4.5027027027027025
66,2019-03,519.5,53,60,119,1.1320754716981132,1.9833333333333334,4.3655462184873945
66,2019-04,529.7,56,62,122,1.1071428571428572,1.967741935483871,4.341803278688525
66,2019-05,386.0,45,47,88,1.0444444444444445,1.872340425531915,4.386363636363637
66,2019-06,421.8,45,47,94,1.0444444444444445,2.0,4.487234042553192
67,2018-07,859.4,98,121,242,1.2346938775510203,2.0,3.5512396694214874
67,2018-08,902.9,105,134,256,1.276190476190476,1.9104477611940298,3.526953125
67,2018-09,810.4,98,113,232,1.153061224489796,2.0530973451327434,3.493103448275862
67,2018-10,944.8,110,129,260,1.1727272727272726,2.0155038759689923,3.6338461538461537
67,2018-11,781.6,92,113,232,1.2282608695652173,2.0530973451327434,3.3689655172413793
67,2018-12,778.4,91,109,218,1.1978021978021978,2.0,3.5706422018348625
67,2019-01,912.8,111,133,268,1.1981981981981982,2.0150375939849625,3.405970149253731
67,2019-02,734.6,86,101,206,1.1744186046511629,2.0396039603960396,3.5660194174757285
67,2019-03,890.4,94,126,262,1.3404255319148937,2.0793650793650795,3.398473282442748
67,2019-04,921.4,101,132,264,1.306930693069307,2.0,3.4901515151515152
67,2019-05,884.1,111,136,251,1.2252252252252251,1.8455882352941178,3.5223107569721117
67,2019-06,905.2,103,123,248,1.1941747572815533,2.016260162601626,3.6500000000000004
68,2018-07,313.1,38,39,72,1.0263157894736843,1.8461538461538463,4.348611111111111
68,2018-08,303.7,38,41,67,1.0789473684210527,1.6341463414634145,4.532835820895523
68,2018-09,286.3,30,33,66,1.1,2.0,4.337878787878788
68,2018-10,289.7,32,35,66,1.09375,1.8857142857142857,4.38939393939394
68,2018-11,386.8,43,47,92,1.0930232558139534,1.9574468085106382,4.2043478260869565
68,2018-12,389.7,43,46,89,1.069767441860465,1.934782608695652,4.378651685393258
68,2019-01,380.8,43,46,87,1.069767441860465,1.891304347826087,4.377011494252874
68,2019-02,356.3,39,42,80,1.0769230769230769,1.9047619047619047,4.45375
68,2019-03,359.6,34,39,78,1.1470588235294117,2.0,4.610256410256411
68,2019-04,273.4,32,34,63,1.0625,1.8529411764705883,4.339682539682539
68,2019-05,386.6,40,41,81,1.025,1.975609756097561,4.77283950617284
68,2019-06,201.5,22,23,42,1.0454545454545454,1.826086956521739,4.7976190476190474
69,2018-07,956.6,116,141,284,1.2155172413793103,2.0141843971631204,3.36830985915493
69,2018-08,983.85,118,154,284,1.305084745762712,1.844155844155844,3.464260563380282
69,2018-09,950.4,106,132,264,1.2452830188679245,2.0,3.6
69,2018-10,844.4,96,123,246,1.28125,2.0,3.432520325203252
69,2018-11,1130.2,123,160,320,1.3008130081300813,2.0,3.5318750000000003
69,2018-12,942.6,106,132,264,1.2452830188679245,2.0,3.5704545454545453
69,2019-01,849.2,102,124,250,1.2156862745098038,2.0161290322580645,3.3968000000000003
69,2019-02,914.8,107,128,260,1.1962616822429906,2.03125,3.5184615384615383
69,2019-03,932.4,104,132,268,1.2692307692307692,2.0303030303030303,3.47910447761194
69,2019-04,815.8,96,112,226,1.1666666666666667,2.017857142857143,3.609734513274336
69,2019-05,913.8,105,138,271,1.3142857142857143,1.963768115942029,3.3719557195571954
69,2019-06,1054.8,112,148,296,1.3214285714285714,2.0,3.5635135135135134
70,2018-07,920.2,111,137,274,1.2342342342342343,2.0,3.358394160583942
70,2018-08,860.8000000000001,95,130,247,1.368421052631579,1.9,3.48502024291498
70,2018-09,888.2,101,127,258,1.2574257425742574,2.031496062992126,3.4426356589147287
70,2018-10,789.6,94,114,232,1.2127659574468086,2.0350877192982457,3.403448275862069
70,2018-11,787.2,84,109,220,1.2976190476190477,2.018348623853211,3.5781818181818186
70,2018-12,699.6,83,100,202,1.2048192771084338,2.02,3.4633663366336633
70,2019-01,891.8,95,130,262,1.368421052631579,2.0153846153846153,3.4038167938931294
70,2019-02,710.6,89,102,204,1.146067415730337,2.0,3.4833333333333334
70,2019-03,763.2,84,102,208,1.2142857142857142,2.0392156862745097,3.6692307692307695
70,2019-04,790.4,89,110,222,1.2359550561797752,2.018181818181818,3.5603603603603604
70,2019-05,718.4,87,105,204,1.206896551724138,1.9428571428571428,3.5215686274509803
70,2019-06,663.0,78,98,200,1.2564102564102564,2.0408163265306123,3.315
71,2018-07,1098.6,114,154,312,1.3508771929824561,2.0259740259740258,3.521153846153846
71,2018-08,972.1,107,143,273,1.3364485981308412,1.9090909090909092,3.560805860805861
71,2018-09,879.8,99,124,250,1.2525252525252526,2.0161290322580645,3.5191999999999997
71,2018-10,861.2,100,125,252,1.25,2.016,3.4174603174603178
71,2018-11,960.2,97,134,272,1.3814432989690721,2.029850746268657,3.5301470588235295
71,2018-12,950.6,107,139,278,1.2990654205607477,2.0,3.419424460431655
71,2019-01,904.0,103,133,268,1.2912621359223302,2.0150375939849625,3.373134328358209
71,2019-02,1041.0,113,149,300,1.3185840707964602,2.0134228187919465,3.47
71,2019-03,1080.0,118,147,296,1.2457627118644068,2.0136054421768708,3.6486486486486487
71,2019-04,980.0,115,141,284,1.2260869565217392,2.0141843971631204,3.4507042253521125
71,2019-05,900.5,111,137,263,1.2342342342342343,1.9197080291970803,3.423954372623574
71,2019-06,922.8,104,134,272,1.2884615384615385,2.029850746268657,3.3926470588235293
72,2018-07,1323.6,118,145,294,1.228813559322034,2.027586206896552,4.50204081632653
72,2018-08,1243.7,120,148,283,1.2333333333333334,1.912162162162162,4.39469964664311
72,2018-09,1172.6,111,135,271,1.2162162162162162,2.0074074074074075,4.326937269372693
72,2018-10,1224.6,117,138,278,1.1794871794871795,2.0144927536231885,4.405035971223021
72,2018-11,1089.6,106,121,244,1.1415094339622642,2.0165289256198347,4.465573770491803
72,2018-12,1169.0,116,133,268,1.146551724137931,2.0150375939849625,4.361940298507463
72,2019-01,1295.4,113,146,296,1.2920353982300885,2.0273972602739727,4.376351351351351
72,2019-02,1120.0,113,130,260,1.1504424778761062,2.0,4.3076923076923075
72,2019-03,1253.4,125,140,280,1.12,2.0,4.476428571428571
72,2019-04,1025.4,102,116,236,1.1372549019607843,2.0344827586206895,4.344915254237288
72,2019-05,1071.9,105,128,243,1.2190476190476192,1.8984375,4.411111111111111
72,2019-06,1215.2,119,136,272,1.1428571428571428,2.0,4.4676470588235295
73,2018-07,361.5,53,56,103,1.0566037735849056,1.8392857142857142,3.5097087378640777
73,2018-08,310.6,46,47,86,1.0217391304347827,1.8297872340425532,3.6116279069767443
73,2018-09,332.0,44,45,81,1.0227272727272727,1.8,4.098765432098766
73,2018-10,358.5,54,58,105,1.0740740740740742,1.8103448275862069,3.414285714285714
73,2018-11,252.5,40,40,75,1.0,1.875,3.3666666666666667
73,2018-12,332.3,46,49,92,1.065217391304348,1.8775510204081634,3.6119565217391307
73,2019-01,330.1,50,51,96,1.02,1.8823529411764706,3.438541666666667
73,2019-02,323.1,48,49,94,1.0208333333333333,1.9183673469387754,3.4372340425531918
73,2019-03,299.2,46,47,85,1.0217391304347827,1.8085106382978724,3.52
73,2019-04,367.0,56,57,108,1.0178571428571428,1.894736842105263,3.3981481481481484
73,2019-05,314.6,42,45,83,1.0714285714285714,1.8444444444444446,3.790361445783133
73,2019-06,322.8,48,51,94,1.0625,1.8431372549019607,3.4340425531914893
74,2018-07,206.0,42,45,60,1.0714285714285714,1.3333333333333333,3.433333333333333
74,2018-08,135.9,31,32,36,1.032258064516129,1.125,3.7750000000000004
74,2018-09,180.2,40,42,54,1.05,1.2857142857142858,3.337037037037037
74,2018-10,214.8,45,48,61,1.0666666666666667,1.2708333333333333,3.5213114754098362
74,2018-11,140.8,34,34,42,1.0,1.2352941176470589,3.3523809523809525
74,2018-12,200.2,43,44,56,1.0232558139534884,1.2727272727272727,3.5749999999999997
74,2019-01,179.8,38,39,50,1.0263157894736843,1.2820512820512822,3.596
74,2019-02,202.1,45,45,56,1.0,1.2444444444444445,3.6089285714285713
74,2019-03,171.4,37,39,49,1.054054054054054,1.2564102564102564,3.4979591836734696
74,2019-04,169.0,34,35,49,1.0294117647058822,1.4,3.4489795918367347
74,2019-05,209.0,37,38,58,1.027027027027027,1.5263157894736843,3.603448275862069
74,2019-06,235.7,50,54,67,1.08,1.2407407407407407,3.517910447761194
75,2018-07,1092.5,99,125,249,1.2626262626262625,1.992,4.387550200803213
75,2018-08,1070.4,110,131,241,1.190909090909091,1.8396946564885497,4.44149377593361
75,2018-09,1151.6,105,129,259,1.2285714285714286,2.007751937984496,4.446332046332046
75,2018-10,1255.6,124,145,288,1.1693548387096775,1.986206896551724,4.359722222222222
75,2018-11,1147.2,105,124,253,1.180952380952381,2.0403225806451615,4.534387351778657
75,2018-12,1077.6,101,120,242,1.188118811881188,2.0166666666666666,4.452892561983471
75,2019-01,1168.6,107,131,262,1.2242990654205608,2.0,4.46030534351145
75,2019-02,1007.4,95,112,224,1.1789473684210525,2.0,4.4973214285714285
75,2019-03,901.6,94,107,212,1.1382978723404256,1.9813084112149533,4.252830188679245
75,2019-04,1149.5,106,130,259,1.2264150943396226,1.9923076923076923,4.438223938223938
75,2019-05,1027.4,101,119,231,1.1782178217821782,1.9411764705882353,4.447619047619048
75,2019-06,1040.2,102,119,240,1.1666666666666667,2.0168067226890756,4.3341666666666665
77,2018-07,296.8,51,55,84,1.0784313725490196,1.5272727272727273,3.5333333333333337
77,2018-08,255.5,47,48,74,1.0212765957446808,1.5416666666666667,3.4527027027027026
77,2018-09,225.20000000000002,42,44,70,1.0476190476190477,1.5909090909090908,3.2171428571428575
77,2018-10,204.5,37,38,52,1.027027027027027,1.368421052631579,3.9326923076923075
77,2018-11,245.3,41,44,67,1.0731707317073171,1.5227272727272727,3.6611940298507464
77,2018-12,267.3,46,48,72,1.0434782608695652,1.5,3.7125000000000004
77,2019-01,204.4,35,39,65,1.1142857142857143,1.6666666666666667,3.144615384615385
77,2019-02,235.0,45,45,74,1.0,1.6444444444444444,3.175675675675676
77,2019-03,278.5,50,55,82,1.1,1.490909090909091,3.3963414634146343
77,2019-04,263.5,47,48,78,1.0212765957446808,1.625,3.378205128205128
77,2019-05,299.3,55,56,84,1.018181818181818,1.5,3.5630952380952383
77,2019-06,264.7,41,42,70,1.024390243902439,1.6666666666666667,3.781428571428571
78,2018-07,810.8,91,115,234,1.2637362637362637,2.034782608695652,3.4649572649572646
78,2018-08,786.8000000000001,91,116,223,1.2747252747252746,1.9224137931034482,3.5282511210762335
78,2018-09,827.2,101,118,236,1.1683168316831682,2.0,3.505084745762712
78,2018-10,839.4,96,125,250,1.3020833333333333,2.0,3.3575999999999997
78,2018-11,753.4,90,112,224,1.2444444444444445,2.0,3.363392857142857
78,2018-12,692.2,79,99,198,1.2531645569620253,2.0,3.4959595959595964
78,2019-01,756.6,89,110,220,1.2359550561797752,2.0,3.439090909090909
78,2019-02,731.6,86,102,204,1.186046511627907,2.0,3.5862745098039217
78,2019-03,793.2,95,114,230,1.2,2.017543859649123,3.4486956521739134
78,2019-04,710.6,80,103,206,1.2875,2.0,3.449514563106796
78,2019-05,877.45,99,128,252,1.292929292929293,1.96875,3.4819444444444447
78,2019-06,802.0,97,116,232,1.1958762886597938,2.0,3.456896551724138
79,2018-07,1080.1,110,125,243,1.1363636363636365,1.944,4.444855967078189
79,2018-08,924.05,101,119,215,1.1782178217821782,1.8067226890756303,4.297906976744186
79,2018-09,1124.8,115,134,261,1.1652173913043478,1.9477611940298507,4.309578544061303
79,2018-10,986.9,103,112,220,1.087378640776699,1.9642857142857142,4.48590909090909
79,2018-11,1062.7,104,128,243,1.2307692307692308,1.8984375,4.3732510288065845
79,2018-12,970.1,102,112,221,1.0980392156862746,1.9732142857142858,4.389592760180996
79,2019-01,994.5,105,117,225,1.1142857142857143,1.9230769230769231,4.42
79,2019-02,994.8,97,116,223,1.1958762886597938,1.9224137931034482,4.460986547085201
79,2019-03,895.4,93,106,205,1.1397849462365592,1.9339622641509433,4.367804878048781
79,2019-04,1007.3,102,117,224,1.1470588235294117,1.9145299145299146,4.496875
79,2019-05,927.75,101,111,208,1.099009900990099,1.8738738738738738,4.460336538461538
79,2019-06,862.8000000000001,87,99,189,1.1379310344827587,1.9090909090909092,4.565079365079366
80,2018-07,1029.9,104,124,237,1.1923076923076923,1.9112903225806452,4.345569620253165
80,2018-08,952.8,103,120,217,1.1650485436893203,1.8083333333333333,4.390783410138249
80,2018-09,1050.9,106,125,239,1.179245283018868,1.912,4.397071129707113
80,2018-10,1100.0,119,132,247,1.1092436974789917,1.871212121212121,4.4534412955465585
80,2018-11,851.6,82,96,188,1.170731707317073,1.9583333333333333,4.529787234042553
80,2018-12,934.4,102,111,210,1.088235294117647,1.8918918918918919,4.449523809523809
80,2019-01,1033.8,113,126,235,1.1150442477876106,1.8650793650793651,4.399148936170213
80,2019-02,924.6,94,109,205,1.1595744680851063,1.8807339449541285,4.510243902439025
80,2019-03,978.3,107,117,218,1.0934579439252337,1.8632478632478633,4.4876146788990825
80,2019-04,953.9,96,113,213,1.1770833333333333,1.8849557522123894,4.478403755868545
80,2019-05,894.3000000000001,95,111,199,1.168421052631579,1.7927927927927927,4.493969849246231
80,2019-06,1052.4,116,127,243,1.0948275862068966,1.9133858267716535,4.330864197530865
81,2018-07,1235.9,117,143,283,1.2222222222222223,1.979020979020979,4.3671378091872795
81,2018-08,1073.3,110,132,245,1.2,1.856060606060606,4.380816326530612
81,2018-09,1357.6,129,152,302,1.178294573643411,1.986842105263158,4.495364238410596
81,2018-10,1014.6,104,117,231,1.125,1.9743589743589745,4.392207792207793
81,2018-11,1052.3,101,119,239,1.1782178217821782,2.008403361344538,4.402928870292887
81,2018-12,1360.0,127,156,312,1.2283464566929134,2.0,4.358974358974359
81,2019-01,1166.6,110,130,262,1.1818181818181819,2.0153846153846153,4.4526717557251905
81,2019-02,1151.9,108,127,253,1.1759259259259258,1.9921259842519685,4.5529644268774705
81,2019-03,1273.5,115,144,285,1.2521739130434784,1.9791666666666667,4.468421052631579
81,2019-04,1172.5,110,132,266,1.2,2.015151515151515,4.407894736842105
81,2019-05,1152.05,119,135,257,1.134453781512605,1.9037037037037037,4.482684824902724
81,2019-06,1351.7,122,151,305,1.2377049180327868,2.019867549668874,4.431803278688525
82,2018-07,348.5,46,50,97,1.0869565217391304,1.94,3.5927835051546393
82,2018-08,326.7,43,48,91,1.1162790697674418,1.8958333333333333,3.59010989010989
82,2018-09,332.1,44,46,91,1.0454545454545454,1.9782608695652173,3.64945054945055
82,2018-10,290.5,41,43,84,1.048780487804878,1.9534883720930232,3.4583333333333335
82,2018-11,326.5,49,51,100,1.0408163265306123,1.9607843137254901,3.265
82,2018-12,306.5,42,43,85,1.0238095238095237,1.9767441860465116,3.6058823529411765
82,2019-01,359.1,49,53,102,1.0816326530612246,1.9245283018867925,3.520588235294118
82,2019-02,276.5,44,44,82,1.0,1.8636363636363635,3.3719512195121952
82,2019-03,398.0,52,58,114,1.1153846153846154,1.9655172413793103,3.491228070175439
82,2019-04,323.0,51,51,100,1.0,1.9607843137254901,3.23
82,2019-05,414.5,52,56,106,1.0769230769230769,1.8928571428571428,3.910377358490566
82,2019-06,401.6,51,55,108,1.0784313725490196,1.9636363636363636,3.718518518518519
83,2018-07,792.4,95,115,234,1.2105263157894737,2.034782608695652,3.3863247863247863
83,2018-08,799.8,100,120,227,1.2,1.8916666666666666,3.5233480176211454
83,2018-09,826.4,88,114,228,1.2954545454545454,2.0,3.6245614035087717
83,2018-10,759.8,85,117,236,1.3764705882352941,2.017094017094017,3.2194915254237286
83,2018-11,802.4,93,109,226,1.1720430107526882,2.073394495412844,3.550442477876106
83,2018-12,912.0,108,136,274,1.2592592592592593,2.014705882352941,3.3284671532846715
83,2019-01,847.0,96,126,254,1.3125,2.015873015873016,3.3346456692913384
83,2019-02,765.6,88,105,210,1.1931818181818181,2.0,3.645714285714286
83,2019-03,817.8,96,117,236,1.21875,2.017094017094017,3.465254237288135
83,2019-04,840.0,94,118,240,1.2553191489361701,2.0338983050847457,3.5
83,2019-05,819.5,90,118,234,1.3111111111111111,1.9830508474576272,3.502136752136752
83,2019-06,942.2,99,128,258,1.292929292929293,2.015625,3.6519379844961244
84,2018-07,511.4,55,59,118,1.0727272727272728,2.0,4.3338983050847455
84,2018-08,449.1,54,54,101,1.0,1.8703703703703705,4.4465346534653465
84,2018-09,416.2,46,46,92,1.0,2.0,4.52391304347826
84,2018-10,473.6,49,53,106,1.0816326530612246,2.0,4.467924528301887
84,2018-11,448.8,48,50,100,1.0416666666666667,2.0,4.488
84,2018-12,506.8,53,58,116,1.0943396226415094,2.0,4.36896551724138
84,2019-01,432.6,46,50,100,1.0869565217391304,2.0,4.3260000000000005
84,2019-02,365.6,39,42,86,1.0769230769230769,2.0476190476190474,4.251162790697674
84,2019-03,352.8,39,40,80,1.0256410256410255,2.0,4.41
84,2019-04,434.8,45,50,100,1.1111111111111112,2.0,4.348
84,2019-05,530.2,56,60,117,1.0714285714285714,1.95,4.531623931623932
84,2019-06,474.4,46,52,104,1.1304347826086956,2.0,4.561538461538461
86,2018-07,892.2,99,126,251,1.2727272727272727,1.992063492063492,3.554581673306773
86,2018-08,764.05,94,110,215,1.1702127659574468,1.9545454545454546,3.553720930232558
86,2018-09,914.6,103,128,258,1.2427184466019416,2.015625,3.5449612403100774
86,2018-10,948.4,109,138,276,1.2660550458715596,2.0,3.436231884057971
86,2018-11,918.0,100,125,254,1.25,2.032,3.6141732283464565
86,2018-12,841.2,98,120,240,1.2244897959183674,2.0,3.5050000000000003
86,2019-01,841.4,94,129,260,1.372340425531915,2.0155038759689923,3.236153846153846
86,2019-02,913.2,107,138,277,1.2897196261682242,2.0072463768115942,3.296750902527076
86,2019-03,1026.8,115,140,284,1.2173913043478262,2.0285714285714285,3.6154929577464787
86,2019-04,848.2,105,126,254,1.2,2.015873015873016,3.3393700787401577
86,2019-05,889.3,104,128,259,1.2307692307692308,2.0234375,3.4335907335907336
86,2019-06,838.0,98,118,238,1.2040816326530612,2.016949152542373,3.5210084033613445
87,2018-07,315.0,39,40,70,1.0256410256410255,1.75,4.5
87,2018-08,301.2,37,39,69,1.054054054054054,1.7692307692307692,4.3652173913043475
87,2018-09,314.6,41,42,70,1.024390243902439,1.6666666666666667,4.494285714285715
87,2018-10,386.0,46,50,87,1.0869565217391304,1.74,4.436781609195402
87,2018-11,280.0,39,41,66,1.0512820512820513,1.6097560975609757,4.242424242424242
87,2018-12,430.1,52,55,94,1.0576923076923077,1.709090909090909,4.5755319148936175
87,2019-01,358.6,44,47,82,1.0681818181818181,1.7446808510638299,4.373170731707317
87,2019-02,294.2,37,40,66,1.0810810810810811,1.65,4.457575757575757
87,2019-03,327.7,37,41,73,1.1081081081081081,1.7804878048780488,4.489041095890411
87,2019-04,297.0,33,37,64,1.121212121212121,1.7297297297297298,4.640625
87,2019-05,343.1,48,49,79,1.0208333333333333,1.6122448979591837,4.343037974683544
87,2019-06,344.1,43,45,82,1.0465116279069768,1.8222222222222222,4.196341463414634
88,2018-07,1310.0,129,153,306,1.186046511627907,2.0,4.281045751633987
88,2018-08,1323.8,131,158,303,1.2061068702290076,1.9177215189873418,4.368976897689769
88,2018-09,1423.0,124,157,318,1.2661290322580645,2.0254777070063694,4.4748427672955975
88,2018-10,1352.4,123,155,316,1.2601626016260163,2.0387096774193547,4.279746835443039
88,2018-11,1382.8,130,156,314,1.2,2.0128205128205128,4.4038216560509555
88,2018-12,1325.2,126,148,298,1.1746031746031746,2.0135135135135136,4.446979865771812
88,2019-01,1266.4,117,144,292,1.2307692307692308,2.0277777777777777,4.336986301369864
88,2019-02,1370.2,124,153,308,1.2338709677419355,2.0130718954248366,4.448701298701299
88,2019-03,1477.2,134,169,340,1.2611940298507462,2.0118343195266273,4.344705882352941
88,2019-04,1439.4,128,162,324,1.265625,2.0,4.442592592592593
88,2019-05,1308.25,128,154,299,1.203125,1.9415584415584415,4.375418060200669
88,2019-06,1354.6,121,148,300,1.2231404958677685,2.027027027027027,4.515333333333333
89,2018-07,219.8,49,50,61,1.0204081632653061,1.22,3.60327868852459
89,2018-08,185.5,45,47,55,1.0444444444444445,1.1702127659574468,3.3727272727272726
89,2018-09,188.8,41,43,54,1.048780487804878,1.255813953488372,3.4962962962962965
89,2018-10,260.8,56,58,80,1.0357142857142858,1.3793103448275863,3.2600000000000002
89,2018-11,191.3,43,45,59,1.0465116279069768,1.3111111111111111,3.2423728813559323
89,2018-12,126.8,30,32,39,1.0666666666666667,1.21875,3.2512820512820513
89,2019-01,213.3,46,49,62,1.065217391304348,1.2653061224489797,3.4403225806451614
89,2019-02,151.1,33,35,43,1.0606060606060606,1.2285714285714286,3.513953488372093
89,2019-03,255.7,56,59,77,1.0535714285714286,1.305084745762712,3.3207792207792206
89,2019-04,169.70000000000002,38,41,47,1.0789473684210527,1.146341463414634,3.610638297872341
89,2019-05,242.7,49,52,69,1.0612244897959184,1.3269230769230769,3.517391304347826
89,2019-06,184.6,41,44,53,1.0731707317073171,1.2045454545454546,3.483018867924528
90,2018-07,235.4,41,41,66,1.0,1.6097560975609757,3.566666666666667
90,2018-08,224.5,38,39,64,1.0263157894736843,1.641025641025641,3.5078125
90,2018-09,162.4,28,28,49,1.0,1.75,3.3142857142857145
90,2018-10,319.40000000000003,54,56,88,1.037037037037037,1.5714285714285714,3.629545454545455
90,2018-11,226.2,35,38,66,1.0857142857142856,1.736842105263158,3.4272727272727272
90,2018-12,262.7,45,50,83,1.1111111111111112,1.66,3.165060240963855
90,2019-01,305.8,50,53,87,1.06,1.6415094339622642,3.514942528735632
90,2019-02,253.20000000000002,43,45,73,1.0465116279069768,1.6222222222222222,3.4684931506849317
90,2019-03,336.6,57,60,94,1.0526315789473684,1.5666666666666667,3.5808510638297877
90,2019-04,243.4,40,44,68,1.1,1.5454545454545454,3.5794117647058825
90,2019-05,307.7,49,52,93,1.0612244897959184,1.7884615384615385,3.3086021505376344
90,2019-06,285.8,43,48,75,1.1162790697674418,1.5625,3.8106666666666666
91,2018-07,827.7,85,98,189,1.1529411764705881,1.9285714285714286,4.37936507936508
91,2018-08,916.1,93,106,206,1.1397849462365592,1.9433962264150944,4.447087378640777
91,2018-09,1000.1,99,113,224,1.1414141414141414,1.9823008849557522,4.464732142857143
91,2018-10,851.8,87,100,193,1.1494252873563218,1.93,4.4134715025906734
91,2018-11,911.2,97,109,209,1.1237113402061856,1.9174311926605505,4.359808612440192
91,2018-12,866.8,89,97,189,1.0898876404494382,1.9484536082474226,4.586243386243386
91,2019-01,856.3,90,101,195,1.1222222222222222,1.9306930693069306,4.391282051282051
91,2019-02,914.7,84,99,197,1.1785714285714286,1.9898989898989898,4.643147208121827
91,2019-03,913.8,94,108,207,1.148936170212766,1.9166666666666667,4.414492753623188
91,2019-04,907.7,89,107,205,1.202247191011236,1.9158878504672898,4.42780487804878
91,2019-05,1083.2,110,129,243,1.1727272727272726,1.8837209302325582,4.45761316872428
91,2019-06,972.5,100,115,220,1.15,1.9130434782608696,4.420454545454546
93,2018-07,1080.4,114,147,298,1.2894736842105263,2.0272108843537415,3.6255033557046983
93,2018-08,998.1,112,149,287,1.3303571428571428,1.9261744966442953,3.4777003484320557
93,2018-09,1161.8,130,169,340,1.3,2.0118343195266273,3.4170588235294117
93,2018-10,1038.0,114,148,298,1.2982456140350878,2.0135135135135136,3.4832214765100673
93,2018-11,944.2,102,137,276,1.3431372549019607,2.0145985401459856,3.4210144927536232
93,2018-12,1207.0,126,167,336,1.3253968253968254,2.0119760479041915,3.5922619047619047
93,2019-01,999.0,107,138,282,1.2897196261682242,2.0434782608695654,3.5425531914893615
93,2019-02,995.0,104,137,276,1.3173076923076923,2.0145985401459856,3.6050724637681157
93,2019-03,1039.0,113,145,290,1.2831858407079646,2.0,3.5827586206896553
93,2019-04,1095.6,129,155,312,1.2015503875968991,2.0129032258064514,3.511538461538461
93,2019-05,1093.5,122,162,316,1.3278688524590163,1.9506172839506173,3.4604430379746836
93,2019-06,1162.2,121,164,328,1.3553719008264462,2.0,3.5432926829268294
94,2018-07,940.0,108,135,270,1.25,2.0,3.4814814814814814
94,2018-08,1162.25,118,159,315,1.347457627118644,1.9811320754716981,3.68968253968254
94,2018-09,966.8,107,139,280,1.2990654205607477,2.014388489208633,3.452857142857143
94,2018-10,1039.0,107,142,284,1.3271028037383177,2.0,3.658450704225352
94,2018-11,988.9,106,141,285,1.330188679245283,2.021276595744681,3.4698245614035086
94,2018-12,881.4,101,124,248,1.2277227722772277,2.0,3.554032258064516
94,2019-01,993.6,109,141,284,1.2935779816513762,2.0141843971631204,3.498591549295775
94,2019-02,873.4,99,123,250,1.2424242424242424,2.032520325203252,3.4936
94,2019-03,998.4,118,144,290,1.2203389830508475,2.013888888888889,3.442758620689655
94,2019-04,902.6,97,131,262,1.3505154639175259,2.0,3.4450381679389315
94,2019-05,931.9,105,141,283,1.3428571428571427,2.00709219858156,3.2929328621908125
94,2019-06,796.4,96,110,226,1.1458333333333333,2.0545454545454547,3.5238938053097346
95,2018-07,1053.4,100,119,239,1.19,2.008403361344538,4.407531380753139
95,2018-08,1277.45,129,150,290,1.1627906976744187,1.9333333333333333,4.405
95,2018-09,1119.2,107,123,250,1.1495327102803738,2.032520325203252,4.4768
95,2018-10,1216.2,121,136,271,1.1239669421487604,1.9926470588235294,4.487822878228783
95,2018-11,1144.6,114,130,261,1.1403508771929824,2.0076923076923077,4.3854406130268195
95,2018-12,1099.2,110,125,250,1.1363636363636365,2.0,4.3968
95,2019-01,1106.9,109,125,252,1.146788990825688,2.016,4.392460317460317
95,2019-02,1083.2,110,126,250,1.1454545454545455,1.9841269841269842,4.3328
95,2019-03,1295.1,119,152,306,1.2773109243697478,2.013157894736842,4.232352941176471
95,2019-04,1164.0,117,135,270,1.1538461538461537,2.0,4.311111111111111
95,2019-05,1193.55,119,141,270,1.184873949579832,1.9148936170212767,4.420555555555556
95,2019-06,1162.7,116,133,265,1.146551724137931,1.9924812030075187,4.387547169811321
96,2018-07,357.4,41,41,82,1.0,2.0,4.3585365853658535
96,2018-08,394.0,40,43,87,1.075,2.0232558139534884,4.528735632183908
96,2018-09,365.40000000000003,38,40,80,1.0526315789473684,2.0,4.567500000000001
96,2018-10,276.4,31,31,62,1.0,2.0,4.458064516129032
96,2018-11,375.8,40,42,84,1.05,2.0,4.473809523809524
96,2018-12,506.2,54,56,112,1.037037037037037,2.0,4.519642857142857
96,2019-01,435.2,45,49,98,1.0888888888888888,2.0,4.440816326530612
96,2019-02,351.4,38,41,82,1.0789473684210527,2.0,4.285365853658536
96,2019-03,367.6,39,41,82,1.0512820512820513,2.0,4.482926829268293
96,2019-04,408.4,42,47,93,1.119047619047619,1.9787234042553192,4.391397849462366
96,2019-05,278.9,30,32,63,1.0666666666666667,1.96875,4.426984126984126
96,2019-06,270.0,31,31,62,1.0,2.0,4.354838709677419
97,2018-07,848.2,87,116,232,1.3333333333333333,2.0,3.656034482758621
97,2018-08,917.35,116,145,278,1.25,1.9172413793103449,3.299820143884892
97,2018-09,908.8,95,128,256,1.3473684210526315,2.0,3.55
97,2018-10,993.2,105,140,280,1.3333333333333333,2.0,3.547142857142857
97,2018-11,853.4,101,129,258,1.2772277227722773,2.0,3.307751937984496
97,2018-12,899.4,105,124,254,1.180952380952381,2.0483870967741935,3.5409448818897635
97,2019-01,844.6,99,121,246,1.2222222222222223,2.0330578512396693,3.4333333333333336
97,2019-02,755.2,83,111,222,1.3373493975903614,2.0,3.401801801801802
97,2019-03,853.6,95,122,246,1.2842105263157895,2.0163934426229506,3.469918699186992
97,2019-04,813.0,92,120,240,1.3043478260869565,2.0,3.3875
97,2019-05,883.3000000000001,103,130,253,1.2621359223300972,1.9461538461538461,3.491304347826087
97,2019-06,862.0,103,130,268,1.2621359223300972,2.0615384615384613,3.216417910447761
98,2018-07,128.7,34,35,38,1.0294117647058822,1.0857142857142856,3.3868421052631574
98,2018-08,95.0,25,25,30,1.0,1.2,3.1666666666666665
98,2018-09,112.0,31,32,34,1.032258064516129,1.0625,3.2941176470588234
98,2018-10,144.7,39,41,43,1.0512820512820513,1.048780487804878,3.3651162790697673
98,2018-11,106.5,30,30,30,1.0,1.0,3.55
98,2018-12,175.2,44,45,46,1.0227272727272727,1.0222222222222221,3.808695652173913
98,2019-01,108.5,29,29,30,1.0,1.0344827586206897,3.6166666666666667
98,2019-02,107.2,27,28,30,1.037037037037037,1.0714285714285714,3.5733333333333333
98,2019-03,112.10000000000001,31,32,32,1.032258064516129,1.0,3.5031250000000003
98,2019-04,175.7,43,45,49,1.0465116279069768,1.0888888888888888,3.5857142857142854
98,2019-05,164.5,42,43,48,1.0238095238095237,1.1162790697674418,3.4270833333333335
98,2019-06,159.1,37,38,43,1.027027027027027,1.131578947368421,3.6999999999999997
99,2018-07,18.5,5,5,5,1.0,1.0,3.7
99,2018-08,14.8,3,3,4,1.0,1.3333333333333333,3.7
99,2018-09,23.400000000000002,7,7,9,1.0,1.2857142857142858,2.6
99,2018-10,14.7,5,5,5,1.0,1.0,2.94
99,2018-11,17.2,4,4,5,1.0,1.25,3.44
99,2018-12,4.2,1,1,1,1.0,1.0,4.2
99,2019-01,15.700000000000001,4,4,4,1.0,1.0,3.9250000000000003
99,2019-02,22.2,8,8,8,1.0,1.0,2.775
99,2019-03,30.3,8,9,9,1.125,1.0,3.3666666666666667
99,2019-04,13.8,5,5,5,1.0,1.0,2.7600000000000002
99,2019-05,24.3,6,6,7,1.0,1.1666666666666667,3.4714285714285715
99,2019-06,22.8,7,7,7,1.0,1.0,3.257142857142857
100,2018-07,1027.0,116,154,312,1.3275862068965518,2.0259740259740258,3.2916666666666665
100,2018-08,925.8,109,138,274,1.2660550458715596,1.9855072463768115,3.378832116788321
100,2018-09,954.0,104,140,280,1.3461538461538463,2.0,3.407142857142857
100,2018-10,1025.6,106,144,290,1.3584905660377358,2.013888888888889,3.5365517241379307
100,2018-11,833.6,90,115,234,1.2777777777777777,2.034782608695652,3.5623931623931626
100,2018-12,1020.6,109,142,288,1.3027522935779816,2.028169014084507,3.54375
100,2019-01,1033.6,109,147,298,1.348623853211009,2.0272108843537415,3.468456375838926
100,2019-02,936.4,97,129,264,1.3298969072164948,2.046511627906977,3.546969696969697
100,2019-03,1060.8,110,148,300,1.3454545454545455,2.027027027027027,3.536
100,2019-04,993.8,111,137,276,1.2342342342342343,2.0145985401459856,3.6007246376811595
100,2019-05,1001.5,107,145,289,1.355140186915888,1.993103448275862,3.4653979238754324
100,2019-06,1018.0,118,151,306,1.2796610169491525,2.0264900662251657,3.326797385620915
101,2018-07,876.6,99,125,252,1.2626262626262625,2.016,3.4785714285714286
101,2018-08,866.0,103,124,234,1.203883495145631,1.8870967741935485,3.700854700854701
101,2018-09,836.4,93,118,238,1.2688172043010753,2.016949152542373,3.5142857142857142
101,2018-10,892.0,102,128,256,1.2549019607843137,2.0,3.484375
101,2018-11,865.6,99,122,246,1.2323232323232323,2.0163934426229506,3.5186991869918702
101,2018-12,759.2,90,114,232,1.2666666666666666,2.0350877192982457,3.2724137931034485
101,2019-01,846.4,97,124,248,1.2783505154639174,2.0,3.4129032258064513
101,2019-02,825.4,95,117,236,1.231578947368421,2.017094017094017,3.497457627118644
101,2019-03,695.8,82,100,200,1.2195121951219512,2.0,3.4789999999999996
101,2019-04,804.0,95,114,230,1.2,2.017543859649123,3.4956521739130433
101,2019-05,871.9,99,130,260,1.3131313131313131,2.0,3.3534615384615383
101,2019-06,938.4,101,130,260,1.2871287128712872,2.0,3.609230769230769
102,2018-07,782.4,92,111,222,1.2065217391304348,2.0,3.5243243243243243
102,2018-08,986.4,104,139,272,1.3365384615384615,1.9568345323741008,3.626470588235294
102,2018-09,970.4,107,138,276,1.2897196261682242,2.0,3.5159420289855072
102,2018-10,902.2,103,132,264,1.2815533980582525,2.0,3.4174242424242425
102,2018-11,930.0,98,125,252,1.2755102040816326,2.016,3.6904761904761907
102,2018-12,816.6,99,116,236,1.1717171717171717,2.0344827586206895,3.460169491525424
102,2019-01,898.0,106,126,256,1.1886792452830188,2.0317460317460316,3.5078125
102,2019-02,773.4,98,114,228,1.163265306122449,2.0,3.3921052631578945
102,2019-03,821.8,97,121,244,1.2474226804123711,2.0165289256198347,3.3680327868852458
102,2019-04,718.6,85,101,202,1.188235294117647,2.0,3.5574257425742575
102,2019-05,890.9,103,130,244,1.2621359223300972,1.876923076923077,3.6512295081967214
102,2019-06,950.0,107,135,272,1.2616822429906542,2.0148148148148146,3.4926470588235294
103,2018-07,196.3,37,39,61,1.054054054054054,1.564102564102564,3.2180327868852463
103,2018-08,255.1,42,44,75,1.0476190476190477,1.7045454545454546,3.401333333333333
103,2018-09,274.3,47,49,83,1.0425531914893618,1.6938775510204083,3.3048192771084337
103,2018-10,255.0,40,40,74,1.0,1.85,3.445945945945946
103,2018-11,410.2,61,69,114,1.1311475409836065,1.6521739130434783,3.5982456140350876
103,2018-12,292.3,51,53,85,1.0392156862745099,1.6037735849056605,3.438823529411765
103,2019-01,316.7,51,54,88,1.0588235294117647,1.6296296296296295,3.598863636363636
103,2019-02,281.6,50,51,82,1.02,1.607843137254902,3.434146341463415
103,2019-03,336.7,56,61,101,1.0892857142857142,1.6557377049180328,3.3336633663366335
103,2019-04,283.3,43,45,78,1.0465116279069768,1.7333333333333334,3.632051282051282
103,2019-05,316.90000000000003,52,57,94,1.0961538461538463,1.6491228070175439,3.371276595744681
103,2019-06,248.5,41,48,74,1.170731707317073,1.5416666666666667,3.358108108108108
104,2018-07,817.0,97,118,236,1.2164948453608246,2.0,3.461864406779661
104,2018-08,881.9,104,126,241,1.2115384615384615,1.9126984126984128,3.659336099585062
104,2018-09,829.8,95,114,232,1.2,2.0350877192982457,3.576724137931034
104,2018-10,915.8,98,136,272,1.3877551020408163,2.0,3.366911764705882
104,2018-11,766.6,78,110,220,1.4102564102564104,2.0,3.484545454545455
104,2018-12,897.2,101,131,264,1.297029702970297,2.015267175572519,3.3984848484848484
104,2019-01,902.4,97,126,252,1.2989690721649485,2.0,3.5809523809523807
104,2019-02,844.2,99,119,238,1.202020202020202,2.0,3.547058823529412
104,2019-03,962.0,104,135,272,1.2980769230769231,2.0148148148148146,3.536764705882353
104,2019-04,789.0,91,115,230,1.2637362637362637,2.0,3.4304347826086956
104,2019-05,1000.7,114,147,286,1.2894736842105263,1.945578231292517,3.498951048951049
104,2019-06,737.8,86,104,208,1.2093023255813953,2.0,3.5471153846153842
105,2018-07,928.9,97,131,265,1.3505154639175259,2.0229007633587788,3.5052830188679245
105,2018-08,923.7,112,145,277,1.2946428571428572,1.910344827586207,3.3346570397111917
105,2018-09,846.6,103,126,256,1.2233009708737863,2.0317460317460316,3.30703125
105,2018-10,880.0,97,123,252,1.268041237113402,2.048780487804878,3.492063492063492
105,2018-11,771.4,95,111,224,1.168421052631579,2.018018018018018,3.44375
105,2018-12,1048.6,109,148,300,1.3577981651376148,2.027027027027027,3.495333333333333
105,2019-01,807.0,87,114,234,1.3103448275862069,2.0526315789473686,3.448717948717949
105,2019-02,751.8,85,109,220,1.2823529411764707,2.018348623853211,3.417272727272727
105,2019-03,916.8,95,129,258,1.3578947368421053,2.0,3.5534883720930233
105,2019-04,944.6,101,132,264,1.306930693069307,2.0,3.578030303030303
105,2019-05,818.1,92,123,232,1.3369565217391304,1.886178861788618,3.526293103448276
105,2019-06,835.0,91,119,242,1.3076923076923077,2.033613445378151,3.450413223140496
106,2018-07,1042.8,111,140,288,1.2612612612612613,2.057142857142857,3.620833333333333
106,2018-08,799.85,102,124,233,1.2156862745098038,1.8790322580645162,3.4328326180257513
106,2018-09,1158.4,121,164,328,1.3553719008264462,2.0,3.531707317073171
106,2018-10,928.6,102,131,262,1.2843137254901962,2.0,3.5442748091603056
106,2018-11,966.8,113,140,284,1.238938053097345,2.0285714285714285,3.4042253521126757
106,2018-12,820.4,96,117,236,1.21875,2.017094017094017,3.4762711864406777
106,2019-01,869.6,101,127,260,1.2574257425742574,2.047244094488189,3.3446153846153845
106,2019-02,833.2,97,118,236,1.2164948453608246,2.0,3.5305084745762714
106,2019-03,938.6,109,136,274,1.2477064220183487,2.014705882352941,3.4255474452554746
106,2019-04,815.4,96,113,228,1.1770833333333333,2.017699115044248,3.576315789473684
106,2019-05,878.75,111,137,264,1.2342342342342343,1.927007299270073,3.328598484848485
106,2019-06,690.2,82,102,204,1.2439024390243902,2.0,3.3833333333333337
107,2018-07,805.4,90,113,230,1.2555555555555555,2.0353982300884956,3.5017391304347827
107,2018-08,868.7,100,127,249,1.27,1.9606299212598426,3.4887550200803217
107,2018-09,751.6,88,102,206,1.1590909090909092,2.019607843137255,3.6485436893203884
107,2018-10,827.0,91,114,232,1.2527472527472527,2.0350877192982457,3.564655172413793
107,2018-11,757.4,92,112,224,1.2173913043478262,2.0,3.38125
107,2018-12,766.4,89,111,222,1.247191011235955,2.0,3.452252252252252
107,2019-01,878.0,102,126,254,1.2352941176470589,2.015873015873016,3.456692913385827
107,2019-02,579.2,70,85,170,1.2142857142857142,2.0,3.407058823529412
107,2019-03,812.0,95,122,244,1.2842105263157895,2.0,3.3278688524590163
107,2019-04,848.6,91,122,246,1.3406593406593406,2.0163934426229506,3.4495934959349595
107,2019-05,737.0,90,113,204,1.2555555555555555,1.8053097345132743,3.6127450980392157
107,2019-06,671.4,78,94,190,1.205128205128205,2.021276595744681,3.5336842105263155
108,2018-07,242.70000000000002,30,30,57,1.0,1.9,4.257894736842106
108,2018-08,401.4,44,45,88,1.0227272727272727,1.9555555555555555,4.5613636363636365
108,2018-09,318.7,38,39,70,1.0263157894736843,1.794871794871795,4.5528571428571425
108,2018-10,231.6,28,30,54,1.0714285714285714,1.8,4.288888888888889
108,2018-11,272.9,34,34,63,1.0,1.8529411764705883,4.3317460317460315
108,2018-12,291.6,32,34,63,1.0625,1.8529411764705883,4.628571428571429
108,2019-01,330.8,40,41,75,1.025,1.829268292682927,4.410666666666667
108,2019-02,321.4,41,41,74,1.0,1.8048780487804879,4.343243243243243
108,2019-03,317.6,36,38,73,1.0555555555555556,1.9210526315789473,4.35068493150685
108,2019-04,292.4,38,38,68,1.0,1.7894736842105263,4.3
108,2019-05,400.4,50,54,96,1.08,1.7777777777777777,4.170833333333333
108,2019-06,311.6,35,36,68,1.0285714285714285,1.8888888888888888,4.582352941176471
109,2018-07,884.0,108,136,274,1.2592592592592593,2.014705882352941,3.2262773722627736
109,2018-08,828.3,89,118,225,1.3258426966292134,1.9067796610169492,3.6813333333333333
109,2018-09,871.4,102,123,248,1.2058823529411764,2.016260162601626,3.513709677419355
109,2018-10,957.6,107,138,276,1.2897196261682242,2.0,3.4695652173913043
109,2018-11,929.6,101,132,266,1.306930693069307,2.015151515151515,3.4947368421052634
109,2018-12,908.8,101,132,270,1.306930693069307,2.0454545454545454,3.3659259259259255
109,2019-01,858.6,92,117,234,1.2717391304347827,2.0,3.6692307692307695
109,2019-02,858.4,91,122,246,1.3406593406593406,2.0163934426229506,3.489430894308943
109,2019-03,1039.2,114,145,292,1.2719298245614035,2.013793103448276,3.5589041095890415
109,2019-04,728.6,80,104,208,1.3,2.0,3.5028846153846156
109,2019-05,720.6,90,112,204,1.2444444444444445,1.8214285714285714,3.532352941176471
109,2019-06,814.0,90,114,234,1.2666666666666666,2.0526315789473686,3.4786324786324787
110,2018-07,698.1,89,99,195,1.1123595505617978,1.9696969696969697,3.58
110,2018-08,761.4,89,111,210,1.247191011235955,1.8918918918918919,3.6257142857142854
110,2018-09,682.8,79,96,194,1.2151898734177216,2.0208333333333335,3.5195876288659793
110,2018-10,784.4,92,112,224,1.2173913043478262,2.0,3.501785714285714
110,2018-11,768.2,95,111,224,1.168421052631579,2.018018018018018,3.429464285714286
110,2018-12,968.2,112,141,284,1.2589285714285714,2.0141843971631204,3.409154929577465
110,2019-01,924.0,106,131,264,1.2358490566037736,2.015267175572519,3.5
110,2019-02,691.2,82,100,200,1.2195121951219512,2.0,3.4560000000000004
110,2019-03,957.2,114,137,278,1.2017543859649122,2.0291970802919708,3.4431654676258994
110,2019-04,849.4,99,116,234,1.1717171717171717,2.0172413793103448,3.62991452991453
110,2019-05,842.4,97,118,234,1.2164948453608246,1.9830508474576272,3.6
110,2019-06,761.4,88,106,218,1.2045454545454546,2.056603773584906,3.4926605504587154
111,2018-07,224.9,51,52,63,1.0196078431372548,1.2115384615384615,3.56984126984127
111,2018-08,272.6,44,47,73,1.0681818181818181,1.553191489361702,3.734246575342466
111,2018-09,156.6,36,37,48,1.0277777777777777,1.2972972972972974,3.2624999999999997
111,2018-10,211.0,43,45,60,1.0465116279069768,1.3333333333333333,3.5166666666666666
111,2018-11,181.6,39,42,51,1.0769230769230769,1.2142857142857142,3.56078431372549
111,2018-12,215.7,47,48,64,1.0212765957446808,1.3333333333333333,3.3703125
111,2019-01,167.6,40,42,53,1.05,1.2619047619047619,3.162264150943396
111,2019-02,167.4,34,38,52,1.1176470588235294,1.368421052631579,3.2192307692307693
111,2019-03,228.9,48,52,66,1.0833333333333333,1.2692307692307692,3.4681818181818183
111,2019-04,195.4,40,41,53,1.025,1.2926829268292683,3.686792452830189
111,2019-05,179.8,43,45,55,1.0465116279069768,1.2222222222222223,3.2690909090909095
111,2019-06,206.2,43,46,59,1.069767441860465,1.2826086956521738,3.494915254237288
112,2018-07,998.8,106,143,292,1.349056603773585,2.041958041958042,3.4205479452054792
112,2018-08,974.8,109,147,286,1.348623853211009,1.945578231292517,3.408391608391608
112,2018-09,926.8,111,135,270,1.2162162162162162,2.0,3.4325925925925924
112,2018-10,915.0,109,132,266,1.2110091743119267,2.015151515151515,3.4398496240601504
112,2018-11,902.0,93,122,250,1.3118279569892473,2.0491803278688523,3.608
112,2018-12,866.8,100,127,258,1.27,2.031496062992126,3.35968992248062
112,2019-01,957.2,103,139,282,1.3495145631067962,2.028776978417266,3.394326241134752
112,2019-02,1049.2,116,150,306,1.293103448275862,2.04,3.4287581699346408
112,2019-03,1035.6,107,140,284,1.308411214953271,2.0285714285714285,3.6464788732394364
112,2019-04,938.4,108,129,266,1.1944444444444444,2.062015503875969,3.52781954887218
112,2019-05,815.2,102,121,232,1.1862745098039216,1.9173553719008265,3.513793103448276
112,2019-06,1012.6,114,142,288,1.2456140350877194,2.028169014084507,3.5159722222222225
113,2018-07,918.4,103,132,264,1.2815533980582525,2.0,3.4787878787878785
113,2018-08,1009.9,106,144,282,1.3584905660377358,1.9583333333333333,3.5812056737588653
113,2018-09,962.6,98,130,264,1.3265306122448979,2.0307692307692307,3.6462121212121215
113,2018-10,894.6,92,124,248,1.3478260869565217,2.0,3.607258064516129
113,2018-11,905.8,100,130,260,1.3,2.0,3.483846153846154
113,2018-12,965.8000000000001,105,132,270,1.2571428571428571,2.0454545454545454,3.5770370370370372
113,2019-01,766.4,89,113,230,1.2696629213483146,2.0353982300884956,3.332173913043478
113,2019-02,766.2,84,108,216,1.2857142857142858,2.0,3.5472222222222225
113,2019-03,960.0,100,138,276,1.38,2.0,3.4782608695652173
113,2019-04,774.8,93,112,224,1.2043010752688172,2.0,3.4589285714285714
113,2019-05,775.5,96,120,226,1.25,1.8833333333333333,3.4314159292035398
113,2019-06,851.6,96,117,240,1.21875,2.051282051282051,3.5483333333333333
114,2018-07,945.0,103,134,268,1.3009708737864079,2.0,3.5261194029850746
114,2018-08,870.95,105,130,246,1.2380952380952381,1.8923076923076922,3.540447154471545
114,2018-09,922.8,109,134,272,1.2293577981651376,2.029850746268657,3.3926470588235293
114,2018-10,1085.0,117,145,292,1.2393162393162394,2.013793103448276,3.7157534246575343
114,2018-11,931.2,108,132,264,1.2222222222222223,2.0,3.5272727272727273
114,2018-12,917.6,99,129,260,1.303030303030303,2.0155038759689923,3.5292307692307694
114,2019-01,928.6,100,127,254,1.27,2.0,3.6559055118110235
114,2019-02,866.4,95,122,244,1.2842105263157895,2.0,3.5508196721311474
114,2019-03,980.6,113,144,288,1.2743362831858407,2.0,3.4048611111111113
114,2019-04,886.8,106,132,268,1.2452830188679245,2.0303030303030303,3.308955223880597
114,2019-05,786.95,96,126,241,1.3125,1.9126984126984128,3.265352697095436
114,2019-06,1017.6,105,145,294,1.380952380952381,2.027586206896552,3.4612244897959186
115,2018-07,358.9,49,54,105,1.1020408163265305,1.9444444444444444,3.418095238095238
115,2018-08,322.2,47,50,88,1.0638297872340425,1.76,3.661363636363636
115,2018-09,296.6,42,42,82,1.0,1.9523809523809523,3.6170731707317074
115,2018-10,275.0,38,39,77,1.0263157894736843,1.9743589743589745,3.5714285714285716
115,2018-11,316.7,46,47,93,1.0217391304347827,1.9787234042553192,3.4053763440860214
115,2018-12,423.2,54,58,113,1.0740740740740742,1.9482758620689655,3.7451327433628316
115,2019-01,320.0,43,46,90,1.069767441860465,1.9565217391304348,3.5555555555555554
115,2019-02,295.4,41,42,82,1.024390243902439,1.9523809523809523,3.6024390243902435
115,2019-03,282.8,37,40,80,1.0810810810810811,2.0,3.535
115,2019-04,389.0,52,54,107,1.0384615384615385,1.9814814814814814,3.635514018691589
115,2019-05,402.55,59,64,121,1.0847457627118644,1.890625,3.3268595041322313
115,2019-06,308.0,46,47,94,1.0217391304347827,2.0,3.276595744680851
116,2018-07,835.0,91,119,238,1.3076923076923077,2.0,3.508403361344538
116,2018-08,832.4,100,133,247,1.33,1.8571428571428572,3.3700404858299593
116,2018-09,889.4,94,120,242,1.2765957446808511,2.0166666666666666,3.675206611570248
116,2018-10,861.0,104,125,254,1.2019230769230769,2.032,3.3897637795275593
116,2018-11,837.0,85,115,234,1.3529411764705883,2.034782608695652,3.576923076923077
116,2018-12,896.8,104,130,262,1.25,2.0153846153846153,3.4229007633587782
116,2019-01,863.8,103,125,254,1.2135922330097086,2.032,3.400787401574803
116,2019-02,752.6,86,103,210,1.197674418604651,2.0388349514563107,3.583809523809524
116,2019-03,883.8,98,128,258,1.3061224489795917,2.015625,3.425581395348837
116,2019-04,935.6,91,129,260,1.4175824175824177,2.0155038759689923,3.5984615384615384
116,2019-05,900.1,106,132,256,1.2452830188679245,1.9393939393939394,3.516015625
116,2019-06,867.0,97,124,248,1.2783505154639174,2.0,3.495967741935484
118,2018-07,799.4,92,115,230,1.25,2.0,3.4756521739130433
118,2018-08,755.95,103,120,223,1.1650485436893203,1.8583333333333334,3.3899103139013453
118,2018-09,722.2,89,103,208,1.1573033707865168,2.0194174757281553,3.472115384615385
118,2018-10,783.0,88,108,218,1.2272727272727273,2.0185185185185186,3.591743119266055
118,2018-11,740.4,89,108,216,1.2134831460674158,2.0,3.4277777777777776
118,2018-12,945.0,112,137,276,1.2232142857142858,2.0145985401459856,3.4239130434782608
118,2019-01,977.4,100,136,274,1.36,2.014705882352941,3.567153284671533
118,2019-02,827.4,88,113,230,1.2840909090909092,2.0353982300884956,3.597391304347826
118,2019-03,878.0,106,125,250,1.179245283018868,2.0,3.512
118,2019-04,890.2,104,131,262,1.2596153846153846,2.0,3.3977099236641224
118,2019-05,789.6,87,115,226,1.3218390804597702,1.9652173913043478,3.493805309734513
118,2019-06,830.0,96,115,232,1.1979166666666667,2.017391304347826,3.5775862068965516
119,2018-07,1074.4,107,125,250,1.1682242990654206,2.0,4.2976
119,2018-08,991.1,104,120,225,1.1538461538461537,1.875,4.404888888888889
119,2018-09,988.4,98,111,223,1.1326530612244898,2.009009009009009,4.432286995515695
119,2018-10,860.8,91,101,198,1.10989010989011,1.9603960396039604,4.347474747474747
119,2018-11,965.2,97,111,216,1.1443298969072164,1.945945945945946,4.468518518518518
119,2018-12,983.8,100,114,227,1.14,1.9912280701754386,4.333920704845815
119,2019-01,935.1,91,109,211,1.1978021978021978,1.9357798165137614,4.43175355450237
119,2019-02,1004.3,99,116,228,1.1717171717171717,1.9655172413793103,4.404824561403508
119,2019-03,977.7,97,114,223,1.175257731958763,1.956140350877193,4.384304932735426
119,2019-04,879.1,85,104,203,1.223529411764706,1.9519230769230769,4.330541871921183
119,2019-05,807.2,79,95,180,1.2025316455696202,1.894736842105263,4.484444444444445
119,2019-06,871.4,87,101,200,1.160919540229885,1.9801980198019802,4.357
120,2018-07,98.7,28,28,30,1.0,1.0714285714285714,3.29
120,2018-08,248.0,55,61,71,1.1090909090909091,1.1639344262295082,3.492957746478873
120,2018-09,147.5,34,40,44,1.1764705882352942,1.1,3.352272727272727
120,2018-10,106.10000000000001,26,26,29,1.0,1.1153846153846154,3.6586206896551725
120,2018-11,132.3,39,39,39,1.0,1.0,3.3923076923076927
120,2018-12,145.9,38,40,45,1.0526315789473684,1.125,3.2422222222222223
120,2019-01,192.2,46,48,51,1.0434782608695652,1.0625,3.768627450980392
120,2019-02,129.0,31,32,35,1.032258064516129,1.09375,3.6857142857142855
120,2019-03,109.2,30,30,32,1.0,1.0666666666666667,3.4125
120,2019-04,122.0,32,34,35,1.0625,1.0294117647058822,3.4857142857142858
120,2019-05,191.05,49,51,55,1.0408163265306123,1.0784313725490196,3.4736363636363636
120,2019-06,188.2,44,46,54,1.0454545454545454,1.173913043478261,3.485185185185185
121,2018-07,391.7,57,64,110,1.1228070175438596,1.71875,3.560909090909091
121,2018-08,294.1,54,57,91,1.0555555555555556,1.5964912280701755,3.231868131868132
121,2018-09,345.5,51,54,93,1.0588235294117647,1.7222222222222223,3.71505376344086
121,2018-10,281.6,46,48,82,1.0434782608695652,1.7083333333333333,3.434146341463415
121,2018-11,263.7,43,46,81,1.069767441860465,1.7608695652173914,3.2555555555555555
121,2018-12,314.4,48,51,90,1.0625,1.7647058823529411,3.493333333333333
121,2019-01,315.9,54,57,93,1.0555555555555556,1.631578947368421,3.396774193548387
121,2019-02,230.6,32,34,58,1.0625,1.7058823529411764,3.975862068965517
121,2019-03,290.5,49,51,87,1.0408163265306123,1.7058823529411764,3.339080459770115
121,2019-04,226.1,40,42,70,1.05,1.6666666666666667,3.23
121,2019-05,318.9,53,54,91,1.0188679245283019,1.6851851851851851,3.504395604395604
121,2019-06,256.0,46,48,82,1.0434782608695652,1.7083333333333333,3.1219512195121952
122,2018-07,864.4,99,126,254,1.2727272727272727,2.015873015873016,3.4031496062992126
122,2018-08,892.5,106,131,246,1.2358490566037736,1.8778625954198473,3.6280487804878048
122,2018-09,917.4,104,130,262,1.25,2.0153846153846153,3.501526717557252
122,2018-10,872.2,101,128,260,1.2673267326732673,2.03125,3.3546153846153848
122,2018-11,754.2,85,108,220,1.2705882352941176,2.037037037037037,3.428181818181818
122,2018-12,833.0,98,116,232,1.183673469387755,2.0,3.5905172413793105
122,2019-01,898.6,100,129,260,1.29,2.0155038759689923,3.456153846153846
122,2019-02,724.4,79,101,202,1.2784810126582278,2.0,3.586138613861386
122,2019-03,865.0,98,127,254,1.2959183673469388,2.0,3.405511811023622
122,2019-04,787.6,90,112,226,1.2444444444444445,2.017857142857143,3.4849557522123895
122,2019-05,813.3,97,121,234,1.2474226804123711,1.9338842975206612,3.4756410256410253
122,2019-06,879.0,102,126,256,1.2352941176470589,2.0317460317460316,3.43359375
123,2018-07,1105.4,107,126,250,1.1775700934579438,1.9841269841269842,4.421600000000001
123,2018-08,1353.0,133,153,302,1.150375939849624,1.973856209150327,4.4801324503311255
123,2018-09,1154.2,111,134,266,1.2072072072072073,1.9850746268656716,4.3390977443609025
123,2018-10,1286.1,124,144,284,1.1612903225806452,1.9722222222222223,4.528521126760563
123,2018-11,1177.9,120,138,273,1.15,1.9782608695652173,4.314652014652015
123,2018-12,1060.5,104,121,240,1.1634615384615385,1.9834710743801653,4.41875
123,2019-01,965.6,96,110,219,1.1458333333333333,1.990909090909091,4.409132420091324
123,2019-02,1211.0,119,138,272,1.1596638655462186,1.9710144927536233,4.452205882352941
123,2019-03,1160.2,112,132,259,1.1785714285714286,1.9621212121212122,4.47953667953668
123,2019-04,1092.5,109,122,242,1.1192660550458715,1.9836065573770492,4.514462809917355
123,2019-05,955.1,100,114,222,1.14,1.9473684210526316,4.302252252252252
123,2019-06,946.9,93,110,222,1.1827956989247312,2.018181818181818,4.265315315315315
124,2018-07,104.9,28,29,33,1.0357142857142858,1.1379310344827587,3.178787878787879
124,2018-08,200.9,38,40,53,1.0526315789473684,1.325,3.790566037735849
124,2018-09,150.0,39,40,46,1.0256410256410255,1.15,3.260869565217391
124,2018-10,175.70000000000002,41,41,48,1.0,1.170731707317073,3.660416666666667
124,2018-11,230.4,52,53,63,1.0192307692307692,1.1886792452830188,3.657142857142857
124,2018-12,167.9,38,42,49,1.105263157894737,1.1666666666666667,3.426530612244898
124,2019-01,161.4,40,40,47,1.0,1.175,3.4340425531914893
124,2019-02,220.1,48,50,66,1.0416666666666667,1.32,3.334848484848485
124,2019-03,219.9,50,52,63,1.04,1.2115384615384615,3.4904761904761905
124,2019-04,154.4,35,38,43,1.0857142857142856,1.131578947368421,3.590697674418605
124,2019-05,157.70000000000002,40,40,43,1.0,1.075,3.6674418604651167
124,2019-06,175.1,38,40,49,1.0526315789473684,1.225,3.573469387755102
125,2018-07,1039.8,98,121,244,1.2346938775510203,2.0165289256198347,4.261475409836065
125,2018-08,1114.75,111,132,252,1.1891891891891893,1.9090909090909092,4.423611111111111
125,2018-09,1217.2,123,141,282,1.146341463414634,2.0,4.316312056737589
125,2018-10,1120.7,111,125,249,1.1261261261261262,1.992,4.500803212851406
125,2018-11,1187.0,123,141,281,1.146341463414634,1.9929078014184398,4.224199288256227
125,2018-12,1218.6,119,138,277,1.1596638655462186,2.0072463768115942,4.39927797833935
125,2019-01,1109.7,108,127,256,1.1759259259259258,2.015748031496063,4.334765625
125,2019-02,915.8,86,103,208,1.197674418604651,2.0194174757281553,4.4028846153846155
125,2019-03,1235.4,121,141,280,1.165289256198347,1.9858156028368794,4.412142857142857
125,2019-04,1108.2,108,124,245,1.1481481481481481,1.9758064516129032,4.5232653061224495
125,2019-05,1073.3,107,132,247,1.233644859813084,1.871212121212121,4.345344129554656
125,2019-06,1012.4,99,113,227,1.1414141414141414,2.0088495575221237,4.4599118942731275
126,2018-07,331.6,35,38,76,1.0857142857142856,2.0,4.363157894736842
126,2018-08,314.3,38,38,71,1.0,1.868421052631579,4.426760563380282
126,2018-09,351.4,37,41,81,1.1081081081081081,1.975609756097561,4.338271604938272
126,2018-10,332.5,35,38,77,1.0857142857142856,2.026315789473684,4.318181818181818
126,2018-11,443.1,47,50,99,1.0638297872340425,1.98,4.475757575757576
126,2018-12,444.0,48,48,98,1.0,2.0416666666666665,4.530612244897959
126,2019-01,421.2,45,47,93,1.0444444444444445,1.9787234042553192,4.529032258064516
126,2019-02,498.3,54,59,117,1.0925925925925926,1.9830508474576272,4.258974358974359
126,2019-03,472.0,49,52,103,1.0612244897959184,1.9807692307692308,4.58252427184466
126,2019-04,300.6,35,36,71,1.0285714285714285,1.9722222222222223,4.233802816901409
126,2019-05,469.0,51,56,108,1.0980392156862746,1.9285714285714286,4.342592592592593
126,2019-06,413.7,43,46,91,1.069767441860465,1.9782608695652173,4.546153846153846
127,2018-07,43.9,9,9,15,1.0,1.6666666666666667,2.9266666666666667
127,2018-08,39.699999999999996,7,7,11,1.0,1.5714285714285714,3.609090909090909
127,2018-09,33.6,4,4,7,1.0,1.75,4.8
127,2018-10,19.0,4,4,6,1.0,1.5,3.1666666666666665
127,2018-11,47.699999999999996,9,9,13,1.0,1.4444444444444444,3.669230769230769
127,2018-12,15.0,4,4,5,1.0,1.25,3.0
127,2019-01,36.4,8,8,12,1.0,1.5,3.033333333333333
127,2019-02,14.4,4,4,7,1.0,1.75,2.0571428571428574
127,2019-03,34.1,7,7,10,1.0,1.4285714285714286,3.41
127,2019-04,33.199999999999996,6,6,10,1.0,1.6666666666666667,3.3199999999999994
127,2019-05,27.6,4,4,10,1.0,2.5,2.7600000000000002
127,2019-06,32.3,6,6,10,1.0,1.6666666666666667,3.2299999999999995
128,2018-07,1036.8,116,146,296,1.2586206896551724,2.0273972602739727,3.5027027027027025
128,2018-08,910.1,102,137,274,1.3431372549019607,2.0,3.3215328467153284
128,2018-09,959.6,108,144,288,1.3333333333333333,2.0,3.3319444444444444
128,2018-10,1097.6,108,151,310,1.3981481481481481,2.052980132450331,3.5406451612903225
128,2018-11,1002.4,109,142,288,1.3027522935779816,2.028169014084507,3.4805555555555556
128,2018-12,1043.0,114,148,298,1.2982456140350878,2.0135135135135136,3.5
128,2019-01,895.4,104,125,250,1.2019230769230769,2.0,3.5816
128,2019-02,1006.4,99,139,288,1.404040404040404,2.0719424460431655,3.4944444444444445
128,2019-03,904.6,97,123,250,1.268041237113402,2.032520325203252,3.6184000000000003
128,2019-04,1065.6,120,154,310,1.2833333333333334,2.012987012987013,3.4374193548387093
128,2019-05,895.5,102,138,264,1.3529411764705883,1.9130434782608696,3.3920454545454546
128,2019-06,989.2,104,145,292,1.3942307692307692,2.013793103448276,3.3876712328767127
129,2018-07,738.6,83,105,214,1.2650602409638554,2.038095238095238,3.451401869158879
129,2018-08,898.7,97,125,246,1.288659793814433,1.968,3.6532520325203253
129,2018-09,868.0,89,121,244,1.3595505617977528,2.0165289256198347,3.557377049180328
129,2018-10,812.2,92,114,230,1.2391304347826086,2.017543859649123,3.531304347826087
129,2018-11,699.8,84,101,202,1.2023809523809523,2.0,3.4643564356435643
129,2018-12,812.4,100,120,242,1.2,2.0166666666666666,3.3570247933884296
129,2019-01,885.4,95,123,252,1.2947368421052632,2.048780487804878,3.5134920634920634
129,2019-02,803.6,94,114,230,1.2127659574468086,2.017543859649123,3.493913043478261
129,2019-03,849.2,95,123,250,1.2947368421052632,2.032520325203252,3.3968000000000003
129,2019-04,852.8,90,112,230,1.2444444444444445,2.0535714285714284,3.7078260869565214
129,2019-05,811.2,97,123,232,1.268041237113402,1.886178861788618,3.496551724137931
129,2019-06,739.2,94,115,230,1.2234042553191489,2.0,3.2139130434782612
130,2018-07,1273.8,121,148,295,1.2231404958677685,1.9932432432432432,4.317966101694915
130,2018-08,1233.95,127,152,285,1.1968503937007875,1.875,4.329649122807018
130,2018-09,961.4,95,112,223,1.1789473684210525,1.9910714285714286,4.3112107623318385
130,2018-10,1336.1,136,154,307,1.1323529411764706,1.9935064935064934,4.352117263843648
130,2018-11,1131.5,112,128,255,1.1428571428571428,1.9921875,4.4372549019607845
130,2018-12,1196.7,123,134,265,1.089430894308943,1.9776119402985075,4.5158490566037734
130,2019-01,1115.4,116,126,252,1.0862068965517242,2.0,4.4261904761904765
130,2019-02,1125.2,103,128,255,1.2427184466019416,1.9921875,4.412549019607844
130,2019-03,1272.1,120,142,285,1.1833333333333333,2.007042253521127,4.463508771929824
130,2019-04,948.0,94,106,214,1.127659574468085,2.018867924528302,4.429906542056075
130,2019-05,1326.9,121,154,299,1.2727272727272727,1.9415584415584415,4.437792642140469
130,2019-06,1368.6,130,151,301,1.1615384615384616,1.9933774834437086,4.546843853820597
131,2018-07,267.4,56,60,78,1.0714285714285714,1.3,3.428205128205128
131,2018-08,233.4,46,47,65,1.0217391304347827,1.3829787234042554,3.5907692307692307
131,2018-09,195.3,39,40,50,1.0256410256410255,1.25,3.906
131,2018-10,222.3,49,51,64,1.0408163265306123,1.2549019607843137,3.4734375
131,2018-11,210.9,47,48,60,1.0212765957446808,1.25,3.515
131,2018-12,171.2,38,39,53,1.0263157894736843,1.358974358974359,3.2301886792452827
131,2019-01,202.8,47,49,60,1.0425531914893618,1.2244897959183674,3.3800000000000003
131,2019-02,188.5,40,41,59,1.025,1.4390243902439024,3.194915254237288
131,2019-03,225.1,48,51,71,1.0625,1.392156862745098,3.1704225352112676
131,2019-04,219.7,40,41,61,1.025,1.4878048780487805,3.6016393442622947
131,2019-05,172.9,33,36,50,1.0909090909090908,1.3888888888888888,3.458
131,2019-06,160.9,36,37,47,1.0277777777777777,1.2702702702702702,3.423404255319149
132,2018-07,52.3,11,11,17,1.0,1.5454545454545454,3.076470588235294
132,2018-08,24.200000000000003,4,4,7,1.0,1.75,3.4571428571428577
132,2018-09,42.400000000000006,5,6,12,1.2,2.0,3.5333333333333337
132,2018-10,57.8,10,10,18,1.0,1.8,3.211111111111111
132,2018-11,39.3,6,6,11,1.0,1.8333333333333333,3.5727272727272723
132,2018-12,26.200000000000003,4,4,8,1.0,2.0,3.2750000000000004
132,2019-01,29.6,5,5,9,1.0,1.8,3.288888888888889
132,2019-02,15.4,3,3,6,1.0,2.0,2.566666666666667
132,2019-03,72.8,9,9,18,1.0,2.0,4.044444444444444
132,2019-04,22.0,3,3,6,1.0,2.0,3.6666666666666665
132,2019-05,75.1,11,11,23,1.0,2.090909090909091,3.2652173913043474
132,2019-06,38.300000000000004,5,5,9,1.0,1.8,4.255555555555556
133,2018-07,1021.8,110,148,296,1.3454545454545455,2.0,3.452027027027027
133,2018-08,916.1,111,141,269,1.2702702702702702,1.9078014184397163,3.405576208178439
133,2018-09,913.0,112,135,274,1.2053571428571428,2.0296296296296297,3.332116788321168
133,2018-10,983.6,112,140,284,1.25,2.0285714285714285,3.463380281690141
133,2018-11,945.4,104,135,274,1.2980769230769231,2.0296296296296297,3.4503649635036497
133,2018-12,1081.2,113,155,316,1.3716814159292035,2.0387096774193547,3.421518987341772
133,2019-01,1081.8,120,156,314,1.3,2.0128205128205128,3.4452229299363055
133,2019-02,825.3,98,113,235,1.153061224489796,2.079646017699115,3.5119148936170212
133,2019-03,917.8,105,133,268,1.2666666666666666,2.0150375939849625,3.4246268656716414
133,2019-04,962.4,113,139,278,1.2300884955752212,2.0,3.461870503597122
133,2019-05,959.35,110,152,291,1.3818181818181818,1.9144736842105263,3.2967353951890037
133,2019-06,966.2,105,137,276,1.3047619047619048,2.0145985401459856,3.5007246376811594
134,2018-07,419.2,47,49,98,1.0425531914893618,2.0,4.277551020408163
134,2018-08,432.65,48,54,99,1.125,1.8333333333333333,4.3702020202020195
134,2018-09,463.8,50,54,108,1.08,2.0,4.294444444444444
134,2018-10,473.4,48,52,106,1.0833333333333333,2.0384615384615383,4.466037735849056
134,2018-11,467.6,54,56,112,1.037037037037037,2.0,4.175
134,2018-12,413.4,42,46,94,1.0952380952380953,2.0434782608695654,4.397872340425532
134,2019-01,384.2,43,43,86,1.0,2.0,4.467441860465116
134,2019-02,347.6,36,39,78,1.0833333333333333,2.0,4.456410256410257
134,2019-03,388.6,44,46,92,1.0454545454545454,2.0,4.2239130434782615
134,2019-04,594.6,64,66,132,1.03125,2.0,4.504545454545455
134,2019-05,407.1,48,51,96,1.0625,1.8823529411764706,4.2406250000000005
134,2019-06,454.2,51,54,108,1.0588235294117647,2.0,4.205555555555556
135,2018-07,24.4,5,5,7,1.0,1.4,3.4857142857142853
135,2018-08,33.3,8,8,10,1.0,1.25,3.3299999999999996
135,2018-09,26.0,4,5,8,1.25,1.6,3.25
135,2018-10,33.8,7,7,10,1.0,1.4285714285714286,3.38
135,2018-11,26.0,6,6,8,1.0,1.3333333333333333,3.25
135,2018-12,35.5,7,8,10,1.1428571428571428,1.25,3.55
135,2019-01,33.1,6,6,9,1.0,1.5,3.677777777777778
135,2019-02,33.7,7,7,9,1.0,1.2857142857142858,3.744444444444445
135,2019-03,22.4,4,4,7,1.0,1.75,3.1999999999999997
135,2019-04,38.5,6,6,9,1.0,1.5,4.277777777777778
135,2019-05,34.4,6,6,10,1.0,1.6666666666666667,3.44
135,2019-06,39.0,5,5,10,1.0,2.0,3.9
136,2018-07,118.8,27,29,33,1.0740740740740742,1.1379310344827587,3.6
136,2018-08,173.2,38,41,48,1.0789473684210527,1.170731707317073,3.608333333333333
136,2018-09,159.9,30,33,41,1.1,1.2424242424242424,3.9000000000000004
136,2018-10,174.6,41,42,53,1.024390243902439,1.2619047619047619,3.2943396226415094
136,2018-11,150.1,33,37,42,1.121212121212121,1.135135135135135,3.5738095238095235
136,2018-12,160.3,37,39,45,1.054054054054054,1.1538461538461537,3.5622222222222226
136,2019-01,130.5,33,33,37,1.0,1.121212121212121,3.527027027027027
136,2019-02,181.0,43,44,52,1.0232558139534884,1.1818181818181819,3.480769230769231
136,2019-03,174.0,35,37,46,1.0571428571428572,1.2432432432432432,3.782608695652174
136,2019-04,185.0,42,44,57,1.0476190476190477,1.2954545454545454,3.245614035087719
136,2019-05,185.6,44,44,51,1.0,1.1590909090909092,3.6392156862745098
136,2019-06,229.3,50,52,62,1.04,1.1923076923076923,3.698387096774194
137,2018-07,1034.4,121,145,292,1.1983471074380165,2.013793103448276,3.5424657534246577
137,2018-08,888.95,103,126,246,1.2233009708737863,1.9523809523809523,3.613617886178862
137,2018-09,1021.2,99,138,280,1.393939393939394,2.028985507246377,3.6471428571428572
137,2018-10,1046.8,117,148,298,1.264957264957265,2.0135135135135136,3.5127516778523487
137,2018-11,841.4,100,120,242,1.2,2.0166666666666666,3.476859504132231
137,2018-12,882.6,107,125,252,1.1682242990654206,2.016,3.5023809523809524
137,2019-01,974.0,106,135,270,1.2735849056603774,2.0,3.6074074074074076
137,2019-02,871.2,96,120,240,1.25,2.0,3.6300000000000003
137,2019-03,731.8,90,105,212,1.1666666666666667,2.019047619047619,3.45188679245283
137,2019-04,826.8,101,119,238,1.1782178217821782,2.0,3.4739495798319324
137,2019-05,1061.3,115,147,291,1.2782608695652173,1.9795918367346939,3.647079037800687
137,2019-06,818.0,95,122,246,1.2842105263157895,2.0163934426229506,3.3252032520325203
138,2018-07,822.4,93,119,242,1.2795698924731183,2.033613445378151,3.3983471074380165
138,2018-08,707.4,86,105,208,1.2209302325581395,1.980952380952381,3.400961538461538
138,2018-09,913.6,114,136,272,1.1929824561403508,2.0,3.3588235294117648
138,2018-10,1015.4,113,145,294,1.2831858407079646,2.027586206896552,3.4537414965986395
138,2018-11,991.4,105,142,284,1.3523809523809525,2.0,3.490845070422535
138,2018-12,918.0,107,129,260,1.205607476635514,2.0155038759689923,3.5307692307692307
138,2019-01,954.8,100,131,266,1.31,2.030534351145038,3.589473684210526
138,2019-02,748.6,90,111,224,1.2333333333333334,2.018018018018018,3.341964285714286
138,2019-03,940.6,106,138,276,1.3018867924528301,2.0,3.4079710144927535
138,2019-04,834.2,106,128,256,1.2075471698113207,2.0,3.25859375
138,2019-05,832.4,97,127,245,1.309278350515464,1.9291338582677164,3.397551020408163
138,2019-06,1146.0,123,158,318,1.2845528455284554,2.0126582278481013,3.6037735849056602
139,2018-07,36.5,9,9,12,1.0,1.3333333333333333,3.0416666666666665
139,2018-08,34.1,6,6,9,1.0,1.5,3.788888888888889
139,2018-09,21.2,4,4,6,1.0,1.5,3.533333333333333
139,2018-10,38.800000000000004,9,9,13,1.0,1.4444444444444444,2.984615384615385
139,2018-11,19.3,4,4,6,1.0,1.5,3.216666666666667
139,2018-12,32.1,6,6,9,1.0,1.5,3.566666666666667
139,2019-01,23.8,4,4,6,1.0,1.5,3.966666666666667
139,2019-02,22.8,4,4,6,1.0,1.5,3.8000000000000003
139,2019-03,32.800000000000004,6,6,8,1.0,1.3333333333333333,4.1000000000000005
139,2019-04,36.8,7,7,10,1.0,1.4285714285714286,3.6799999999999997
139,2019-05,27.900000000000002,6,6,7,1.0,1.1666666666666667,3.985714285714286
139,2019-06,14.2,3,3,5,1.0,1.6666666666666667,2.84
140,2018-07,8.5,2,2,2,1.0,1.0,4.25
140,2018-08,24.3,7,7,7,1.0,1.0,3.4714285714285715
140,2018-09,24.2,5,5,6,1.0,1.2,4.033333333333333
140,2018-10,29.5,7,7,8,1.0,1.1428571428571428,3.6875
140,2018-11,24.5,7,7,8,1.0,1.1428571428571428,3.0625
140,2018-12,30.3,6,7,7,1.1666666666666667,1.0,4.328571428571428
140,2019-01,8.7,3,3,3,1.0,1.0,2.9
140,2019-02,7.0,2,2,2,1.0,1.0,3.5
140,2019-03,43.8,9,9,11,1.0,1.2222222222222223,3.9818181818181815
140,2019-04,19.2,5,5,5,1.0,1.0,3.84
140,2019-05,5.9,2,2,2,1.0,1.0,2.95
140,2019-06,19.0,5,5,5,1.0,1.0,3.8
141,2018-07,272.8,43,43,61,1.0,1.4186046511627908,4.472131147540984
141,2018-08,225.29999999999998,31,33,53,1.064516129032258,1.606060606060606,4.250943396226415
141,2018-09,232.8,32,35,53,1.09375,1.5142857142857142,4.392452830188679
141,2018-10,276.2,39,41,63,1.0512820512820513,1.5365853658536586,4.384126984126984
141,2018-11,244.3,32,35,54,1.09375,1.542857142857143,4.524074074074075
141,2018-12,325.8,47,49,77,1.0425531914893618,1.5714285714285714,4.231168831168831
141,2019-01,340.3,47,49,74,1.0425531914893618,1.510204081632653,4.598648648648648
141,2019-02,246.7,35,35,55,1.0,1.5714285714285714,4.485454545454545
141,2019-03,241.7,36,37,57,1.0277777777777777,1.5405405405405406,4.2403508771929825
141,2019-04,186.2,29,29,43,1.0,1.4827586206896552,4.330232558139534
141,2019-05,194.9,30,30,43,1.0,1.4333333333333333,4.532558139534884
141,2019-06,238.4,32,34,53,1.0625,1.5588235294117647,4.49811320754717
142,2018-07,457.0,50,52,103,1.04,1.9807692307692308,4.436893203883495
142,2018-08,506.6,60,65,115,1.0833333333333333,1.7692307692307692,4.405217391304348
142,2018-09,406.0,44,48,96,1.0909090909090908,2.0,4.229166666666667
142,2018-10,460.2,52,53,106,1.0192307692307692,2.0,4.341509433962264
142,2018-11,479.6,55,56,112,1.018181818181818,2.0,4.2821428571428575
142,2018-12,384.2,41,44,88,1.0731707317073171,2.0,4.365909090909091
142,2019-01,511.6,54,57,114,1.0555555555555556,2.0,4.487719298245614
142,2019-02,432.40000000000003,45,50,100,1.1111111111111112,2.0,4.324000000000001
142,2019-03,473.6,51,54,108,1.0588235294117647,2.0,4.385185185185185
142,2019-04,514.6,54,59,118,1.0925925925925926,2.0,4.361016949152543
142,2019-05,350.4,42,42,80,1.0,1.9047619047619047,4.38
142,2019-06,411.8,41,45,90,1.0975609756097562,2.0,4.575555555555556
143,2018-07,344.3,38,41,77,1.0789473684210527,1.8780487804878048,4.4714285714285715
143,2018-08,421.85,51,52,99,1.0196078431372548,1.9038461538461537,4.261111111111111
143,2018-09,326.7,39,40,76,1.0256410256410255,1.9,4.298684210526315
143,2018-10,396.2,45,48,87,1.0666666666666667,1.8125,4.554022988505747
143,2018-11,360.9,41,43,85,1.048780487804878,1.9767441860465116,4.245882352941176
143,2018-12,384.9,47,48,91,1.0212765957446808,1.8958333333333333,4.22967032967033
143,2019-01,396.6,46,48,92,1.0434782608695652,1.9166666666666667,4.310869565217391
143,2019-02,483.6,49,56,106,1.1428571428571428,1.8928571428571428,4.562264150943396
143,2019-03,366.5,44,45,84,1.0227272727272727,1.8666666666666667,4.363095238095238
143,2019-04,344.7,43,43,82,1.0,1.9069767441860466,4.203658536585365
143,2019-05,312.15,36,37,72,1.0277777777777777,1.945945945945946,4.335416666666666
143,2019-06,416.3,50,53,93,1.06,1.7547169811320755,4.476344086021506
144,2018-07,716.0,84,104,210,1.2380952380952381,2.019230769230769,3.4095238095238094
144,2018-08,703.2,88,107,202,1.2159090909090908,1.8878504672897196,3.4811881188118816
144,2018-09,609.8,74,88,178,1.1891891891891893,2.022727272727273,3.4258426966292133
144,2018-10,804.4,97,112,230,1.1546391752577319,2.0535714285714284,3.497391304347826
144,2018-11,732.0,86,105,212,1.2209302325581395,2.019047619047619,3.452830188679245
144,2018-12,839.4,94,112,226,1.1914893617021276,2.017857142857143,3.714159292035398
144,2019-01,703.0,81,107,216,1.3209876543209877,2.0186915887850465,3.2546296296296298
144,2019-02,656.4,73,93,186,1.273972602739726,2.0,3.529032258064516
144,2019-03,715.4,91,109,220,1.1978021978021978,2.018348623853211,3.2518181818181815
144,2019-04,718.6,83,104,208,1.2530120481927711,2.0,3.4548076923076922
144,2019-05,748.55,92,111,214,1.2065217391304348,1.927927927927928,3.497897196261682
144,2019-06,761.0,84,106,214,1.2619047619047619,2.018867924528302,3.55607476635514
145,2018-07,388.0,47,49,88,1.0425531914893618,1.7959183673469388,4.409090909090909
145,2018-08,309.9,39,39,71,1.0,1.8205128205128205,4.3647887323943655
145,2018-09,365.2,43,47,84,1.0930232558139534,1.7872340425531914,4.347619047619047
145,2018-10,323.2,41,43,73,1.048780487804878,1.697674418604651,4.427397260273972
145,2018-11,317.2,37,39,69,1.054054054054054,1.7692307692307692,4.597101449275362
145,2018-12,287.3,39,39,68,1.0,1.7435897435897436,4.2250000000000005
145,2019-01,275.0,32,35,62,1.09375,1.7714285714285714,4.435483870967742
145,2019-02,241.4,30,31,55,1.0333333333333334,1.7741935483870968,4.38909090909091
145,2019-03,368.0,46,46,81,1.0,1.7608695652173914,4.54320987654321
145,2019-04,298.0,39,40,65,1.0256410256410255,1.625,4.584615384615384
145,2019-05,288.6,38,39,66,1.0263157894736843,1.6923076923076923,4.372727272727273
145,2019-06,307.8,41,43,70,1.048780487804878,1.627906976744186,4.397142857142858
146,2018-07,12.0,3,3,4,1.0,1.3333333333333333,3.0
146,2018-08,48.0,8,8,13,1.0,1.625,3.6923076923076925
146,2018-09,20.0,4,4,6,1.0,1.5,3.3333333333333335
146,2018-10,12.8,3,3,4,1.0,1.3333333333333333,3.2
146,2018-11,13.399999999999999,3,3,4,1.0,1.3333333333333333,3.3499999999999996
146,2018-12,11.5,4,4,4,1.0,1.0,2.875
146,2019-01,40.5,5,5,9,1.0,1.8,4.5
146,2019-02,27.8,7,7,8,1.0,1.1428571428571428,3.475
146,2019-03,40.9,9,9,12,1.0,1.3333333333333333,3.408333333333333
146,2019-04,10.5,3,3,3,1.0,1.0,3.5
146,2019-05,29.6,4,4,8,1.0,2.0,3.7
146,2019-06,8.1,3,3,4,1.0,1.3333333333333333,2.025
147,2018-07,755.6,92,108,218,1.173913043478261,2.0185185185185186,3.4660550458715598
147,2018-08,674.45,84,104,197,1.2380952380952381,1.8942307692307692,3.4236040609137057
147,2018-09,785.8,91,113,232,1.2417582417582418,2.0530973451327434,3.387068965517241
147,2018-10,952.6,99,138,278,1.393939393939394,2.0144927536231885,3.4266187050359713
147,2018-11,788.6,91,118,236,1.2967032967032968,2.0,3.3415254237288137
147,2018-12,878.2,89,118,240,1.3258426966292134,2.0338983050847457,3.6591666666666667
147,2019-01,860.0,95,119,240,1.2526315789473683,2.0168067226890756,3.5833333333333335
147,2019-02,881.8,99,127,254,1.2828282828282829,2.0,3.4716535433070863
147,2019-03,881.8,99,123,248,1.2424242424242424,2.016260162601626,3.5556451612903226
147,2019-04,866.0,100,121,248,1.21,2.049586776859504,3.4919354838709675
147,2019-05,783.65,98,122,221,1.2448979591836735,1.8114754098360655,3.5459276018099546
147,2019-06,761.4,88,108,218,1.2272727272727273,2.0185185185185186,3.4926605504587154
148,2018-07,692.3,94,110,160,1.1702127659574468,1.4545454545454546,4.326874999999999
148,2018-08,763.5,98,115,172,1.1734693877551021,1.4956521739130435,4.438953488372093
148,2018-09,678.9,93,104,154,1.118279569892473,1.4807692307692308,4.408441558441559
148,2018-10,728.2,97,112,167,1.1546391752577319,1.4910714285714286,4.360479041916168
148,2018-11,647.9,91,103,150,1.1318681318681318,1.4563106796116505,4.319333333333333
148,2018-12,922.9,114,139,208,1.219298245614035,1.4964028776978417,4.437019230769231
148,2019-01,643.9,93,103,149,1.10752688172043,1.4466019417475728,4.3214765100671135
148,2019-02,680.0,81,95,153,1.1728395061728396,1.6105263157894736,4.444444444444445
148,2019-03,873.1,103,126,193,1.2233009708737863,1.5317460317460319,4.523834196891192
148,2019-04,746.4,99,115,169,1.1616161616161615,1.4695652173913043,4.416568047337278
148,2019-05,660.6,89,99,151,1.1123595505617978,1.5252525252525253,4.3748344370860925
148,2019-06,781.3,96,115,177,1.1979166666666667,1.5391304347826087,4.414124293785311
149,2018-07,418.0,45,46,92,1.0222222222222221,2.0,4.543478260869565
149,2018-08,469.9,55,57,105,1.0363636363636364,1.8421052631578947,4.475238095238095
149,2018-09,412.7,46,48,95,1.0434782608695652,1.9791666666666667,4.3442105263157895
149,2018-10,386.8,39,44,88,1.1282051282051282,2.0,4.3954545454545455
149,2018-11,376.6,39,43,86,1.1025641025641026,2.0,4.379069767441861
149,2018-12,371.2,43,44,88,1.0232558139534884,2.0,4.218181818181818
149,2019-01,430.0,48,49,98,1.0208333333333333,2.0,4.387755102040816
149,2019-02,421.2,45,48,96,1.0666666666666667,2.0,4.3875
149,2019-03,458.6,50,53,106,1.06,2.0,4.326415094339623
149,2019-04,332.7,36,38,74,1.0555555555555556,1.9473684210526316,4.495945945945945
149,2019-05,438.1,46,50,96,1.0869565217391304,1.92,4.563541666666667
149,2019-06,349.2,39,40,79,1.0256410256410255,1.975,4.420253164556962
150,2018-07,428.0,48,49,98,1.0208333333333333,2.0,4.36734693877551
150,2018-08,413.1,46,50,95,1.0869565217391304,1.9,4.348421052631579
150,2018-09,463.2,46,50,100,1.0869565217391304,2.0,4.632
150,2018-10,387.2,43,44,86,1.0232558139534884,1.9545454545454546,4.502325581395349
150,2018-11,510.8,53,58,116,1.0943396226415094,2.0,4.403448275862069
150,2018-12,491.4,50,55,112,1.1,2.036363636363636,4.3875
150,2019-01,417.4,47,51,101,1.0851063829787233,1.9803921568627452,4.132673267326733
150,2019-02,286.6,32,34,65,1.0625,1.911764705882353,4.40923076923077
150,2019-03,431.2,41,48,96,1.170731707317073,2.0,4.491666666666666
150,2019-04,359.3,39,41,81,1.0512820512820513,1.975609756097561,4.435802469135803
150,2019-05,361.40000000000003,40,42,80,1.05,1.9047619047619047,4.5175
150,2019-06,420.4,46,48,94,1.0434782608695652,1.9583333333333333,4.472340425531915
151,2018-07,155.0,34,34,44,1.0,1.2941176470588236,3.522727272727273
151,2018-08,135.5,30,34,44,1.1333333333333333,1.2941176470588236,3.0795454545454546
151,2018-09,144.2,36,38,45,1.0555555555555556,1.1842105263157894,3.204444444444444
151,2018-10,123.2,28,28,36,1.0,1.2857142857142858,3.4222222222222225
151,2018-11,135.7,30,32,38,1.0666666666666667,1.1875,3.5710526315789473
151,2018-12,209.4,48,49,58,1.0208333333333333,1.183673469387755,3.610344827586207
151,2019-01,157.1,35,36,43,1.0285714285714285,1.1944444444444444,3.653488372093023
151,2019-02,170.1,42,43,51,1.0238095238095237,1.186046511627907,3.3352941176470585
151,2019-03,142.7,37,37,42,1.0,1.135135135135135,3.3976190476190475
151,2019-04,115.1,31,31,41,1.0,1.3225806451612903,2.8073170731707315
151,2019-05,162.2,34,36,47,1.0588235294117647,1.3055555555555556,3.4510638297872336
151,2019-06,193.0,44,45,58,1.0227272727272727,1.288888888888889,3.3275862068965516
152,2018-07,1067.6,105,146,296,1.3904761904761904,2.0273972602739727,3.6067567567567567
152,2018-08,971.1,115,145,285,1.2608695652173914,1.9655172413793103,3.407368421052632
152,2018-09,925.0,109,134,274,1.2293577981651376,2.044776119402985,3.375912408759124
152,2018-10,920.0,103,131,264,1.2718446601941749,2.015267175572519,3.484848484848485
152,2018-11,1142.4,117,159,324,1.358974358974359,2.0377358490566038,3.525925925925926
152,2018-12,1000.8,111,146,294,1.3153153153153154,2.0136986301369864,3.404081632653061
152,2019-01,1047.4,108,145,296,1.3425925925925926,2.0413793103448277,3.538513513513514
152,2019-02,820.8,93,118,238,1.2688172043010753,2.016949152542373,3.448739495798319
152,2019-03,1151.8,107,155,320,1.4485981308411215,2.064516129032258,3.5993749999999998
152,2019-04,1063.2,110,143,290,1.3,2.027972027972028,3.6662068965517243
152,2019-05,909.7,109,140,262,1.2844036697247707,1.8714285714285714,3.472137404580153
152,2019-06,836.0,100,121,242,1.21,2.0,3.4545454545454546
153,2018-07,1092.0,109,128,254,1.1743119266055047,1.984375,4.299212598425197
153,2018-08,1019.7,107,120,230,1.1214953271028036,1.9166666666666667,4.433478260869565
153,2018-09,1066.1,102,118,238,1.1568627450980393,2.016949152542373,4.4794117647058815
153,2018-10,1141.4,114,129,257,1.131578947368421,1.9922480620155039,4.441245136186771
153,2018-11,1110.7,102,121,244,1.1862745098039216,2.0165289256198347,4.552049180327869
153,2018-12,1241.7,120,142,284,1.1833333333333333,2.0,4.37218309859155
153,2019-01,1028.1,102,118,235,1.1568627450980393,1.9915254237288136,4.374893617021276
153,2019-02,968.0,94,111,219,1.1808510638297873,1.972972972972973,4.420091324200913
153,2019-03,1113.7,101,123,251,1.2178217821782178,2.040650406504065,4.437051792828686
153,2019-04,1125.6,111,127,251,1.1441441441441442,1.9763779527559056,4.484462151394422
153,2019-05,953.85,104,118,217,1.1346153846153846,1.8389830508474576,4.395622119815668
153,2019-06,1181.2,123,136,272,1.1056910569105691,2.0,4.3426470588235295
154,2018-07,929.8,92,110,214,1.1956521739130435,1.9454545454545455,4.344859813084112
154,2018-08,1193.35,124,142,270,1.1451612903225807,1.9014084507042253,4.419814814814814
154,2018-09,899.2,95,107,207,1.1263157894736842,1.9345794392523366,4.343961352657005
154,2018-10,1051.2,112,129,243,1.1517857142857142,1.8837209302325582,4.325925925925926
154,2018-11,979.2,97,115,220,1.1855670103092784,1.9130434782608696,4.450909090909091
154,2018-12,1178.7,124,138,268,1.1129032258064515,1.9420289855072463,4.398134328358209
154,2019-01,1140.4,112,129,251,1.1517857142857142,1.945736434108527,4.543426294820717
154,2019-02,1021.8,107,121,238,1.1308411214953271,1.9669421487603307,4.29327731092437
154,2019-03,1093.7,120,136,255,1.1333333333333333,1.875,4.289019607843137
154,2019-04,1146.4,117,138,263,1.1794871794871795,1.9057971014492754,4.35893536121673
154,2019-05,870.4,94,107,195,1.1382978723404256,1.8224299065420562,4.463589743589743
154,2019-06,1195.1,121,138,271,1.140495867768595,1.963768115942029,4.409963099630996
155,2018-07,924.6,101,123,250,1.2178217821782178,2.032520325203252,3.6984
155,2018-08,782.7,91,119,229,1.3076923076923077,1.9243697478991597,3.4179039301310046
155,2018-09,1014.4,103,144,290,1.3980582524271845,2.013888888888889,3.4979310344827583
155,2018-10,963.8,108,136,272,1.2592592592592593,2.0,3.543382352941176
155,2018-11,898.8,101,133,270,1.316831683168317,2.030075187969925,3.328888888888889
155,2018-12,849.8,97,120,242,1.2371134020618557,2.0166666666666666,3.511570247933884
155,2019-01,874.6,96,125,252,1.3020833333333333,2.016,3.4706349206349207
155,2019-02,891.2,95,125,254,1.3157894736842106,2.032,3.508661417322835
155,2019-03,804.4,94,118,240,1.2553191489361701,2.0338983050847457,3.3516666666666666
155,2019-04,844.6,99,120,242,1.2121212121212122,2.0166666666666666,3.4900826446280995
155,2019-05,922.85,106,136,265,1.2830188679245282,1.9485294117647058,3.4824528301886795
155,2019-06,857.2,95,121,244,1.2736842105263158,2.0165289256198347,3.513114754098361
156,2018-07,1024.6,110,144,290,1.309090909090909,2.013888888888889,3.533103448275862
156,2018-08,1017.8,122,149,273,1.221311475409836,1.832214765100671,3.728205128205128
156,2018-09,1036.4,117,152,304,1.2991452991452992,2.0,3.40921052631579
156,2018-10,972.4,111,150,300,1.3513513513513513,2.0,3.2413333333333334
156,2018-11,911.0,104,127,256,1.2211538461538463,2.015748031496063,3.55859375
156,2018-12,1111.2,124,166,334,1.3387096774193548,2.0120481927710845,3.326946107784431
156,2019-01,1199.0,120,167,340,1.3916666666666666,2.035928143712575,3.526470588235294
156,2019-02,985.8,107,138,278,1.2897196261682242,2.0144927536231885,3.546043165467626
156,2019-03,1027.2,114,140,282,1.2280701754385965,2.0142857142857142,3.642553191489362
156,2019-04,933.4,109,140,280,1.2844036697247707,2.0,3.3335714285714286
156,2019-05,865.7,99,131,256,1.3232323232323233,1.9541984732824427,3.381640625
156,2019-06,959.8,106,132,268,1.2452830188679245,2.0303030303030303,3.5813432835820893
157,2018-07,1045.4,124,153,306,1.2338709677419355,2.0,3.416339869281046
157,2018-08,904.1,103,136,258,1.3203883495145632,1.8970588235294117,3.504263565891473
157,2018-09,887.6,104,130,262,1.25,2.0153846153846153,3.387786259541985
157,2018-10,961.4,102,132,268,1.2941176470588236,2.0303030303030303,3.587313432835821
157,2018-11,954.0,105,133,268,1.2666666666666666,2.0150375939849625,3.5597014925373136
157,2018-12,978.4,104,138,280,1.3269230769230769,2.028985507246377,3.494285714285714
157,2019-01,806.8,100,122,244,1.22,2.0,3.30655737704918
157,2019-02,866.8,94,124,250,1.3191489361702127,2.0161290322580645,3.4671999999999996
157,2019-03,1057.6,107,144,290,1.3457943925233644,2.013888888888889,3.6468965517241374
157,2019-04,972.8000000000001,112,140,288,1.25,2.057142857142857,3.377777777777778
157,2019-05,895.1,109,132,256,1.2110091743119267,1.9393939393939394,3.496484375
157,2019-06,901.0,104,132,264,1.2692307692307692,2.0,3.412878787878788
158,2018-07,28.0,5,5,8,1.0,1.6,3.5
158,2018-08,29.8,8,8,11,1.0,1.375,2.709090909090909
158,2018-09,33.9,8,8,12,1.0,1.5,2.8249999999999997
158,2018-10,30.3,8,8,10,1.0,1.25,3.0300000000000002
158,2018-11,27.6,5,5,8,1.0,1.6,3.45
158,2018-12,24.8,4,5,9,1.25,1.8,2.7555555555555555
158,2019-01,36.6,6,6,10,1.0,1.6666666666666667,3.66
158,2019-02,21.8,4,4,6,1.0,1.5,3.6333333333333333
158,2019-03,36.8,4,4,8,1.0,2.0,4.6
158,2019-04,11.2,2,2,4,1.0,2.0,2.8
158,2019-05,26.4,4,4,9,1.0,2.25,2.933333333333333
158,2019-06,43.7,8,8,13,1.0,1.625,3.3615384615384616
159,2018-07,26.8,6,6,9,1.0,1.5,2.977777777777778
159,2018-08,14.7,2,2,3,1.0,1.5,4.8999999999999995
159,2018-09,56.6,11,11,16,1.0,1.4545454545454546,3.5375
159,2018-10,21.0,4,4,7,1.0,1.75,3.0
159,2018-11,39.5,9,9,15,1.0,1.6666666666666667,2.6333333333333333
159,2018-12,11.0,3,3,4,1.0,1.3333333333333333,2.75
159,2019-01,5.8,2,2,3,1.0,1.5,1.9333333333333333
159,2019-02,28.6,5,5,6,1.0,1.2,4.766666666666667
159,2019-03,56.8,11,11,17,1.0,1.5454545454545454,3.341176470588235
159,2019-04,30.700000000000003,5,5,9,1.0,1.8,3.4111111111111114
159,2019-05,18.8,4,4,8,1.0,2.0,2.35
159,2019-06,28.6,6,6,9,1.0,1.5,3.177777777777778
160,2018-07,894.8,102,129,258,1.2647058823529411,2.0,3.4682170542635657
160,2018-08,756.2,94,114,216,1.2127659574468086,1.894736842105263,3.500925925925926
160,2018-09,915.2,95,128,264,1.3473684210526315,2.0625,3.466666666666667
160,2018-10,887.4,96,120,242,1.25,2.0166666666666666,3.6669421487603304
160,2018-11,936.0,100,131,268,1.31,2.045801526717557,3.4925373134328357
160,2018-12,1018.4,118,143,288,1.2118644067796611,2.013986013986014,3.536111111111111
160,2019-01,903.6,110,128,260,1.1636363636363636,2.03125,3.4753846153846153
160,2019-02,821.6,100,120,242,1.2,2.0166666666666666,3.3950413223140496
160,2019-03,1067.8,118,154,310,1.305084745762712,2.012987012987013,3.444516129032258
160,2019-04,1013.6,115,141,286,1.2260869565217392,2.028368794326241,3.5440559440559443
160,2019-05,772.25,96,122,222,1.2708333333333333,1.819672131147541,3.4786036036036037
160,2019-06,932.0,105,134,268,1.276190476190476,2.0,3.4776119402985075
161,2018-07,35.5,5,5,8,1.0,1.6,4.4375
161,2018-08,32.5,8,8,13,1.0,1.625,2.5
161,2018-09,62.2,9,9,16,1.0,1.7777777777777777,3.8875
161,2018-10,13.7,3,3,4,1.0,1.3333333333333333,3.425
161,2018-11,41.4,9,9,13,1.0,1.4444444444444444,3.1846153846153844
161,2018-12,33.9,8,8,13,1.0,1.625,2.6076923076923078
161,2019-01,20.8,5,5,6,1.0,1.2,3.466666666666667
161,2019-02,14.9,3,3,4,1.0,1.3333333333333333,3.725
161,2019-03,8.3,2,2,3,1.0,1.5,2.766666666666667
161,2019-04,28.799999999999997,6,6,8,1.0,1.3333333333333333,3.5999999999999996
161,2019-05,22.6,6,6,7,1.0,1.1666666666666667,3.2285714285714286
161,2019-06,20.6,3,3,5,1.0,1.6666666666666667,4.12
162,2018-07,889.8,101,127,254,1.2574257425742574,2.0,3.5031496062992122
162,2018-08,887.1,108,130,248,1.2037037037037037,1.9076923076923078,3.577016129032258
162,2018-09,822.0,93,116,236,1.2473118279569892,2.0344827586206895,3.483050847457627
162,2018-10,828.0,97,116,232,1.1958762886597938,2.0,3.5689655172413794
162,2018-11,778.4,88,112,226,1.2727272727272727,2.017857142857143,3.4442477876106192
162,2018-12,925.6,112,131,262,1.1696428571428572,2.0,3.532824427480916
162,2019-01,734.0,87,108,216,1.2413793103448276,2.0,3.3981481481481484
162,2019-02,724.0,89,104,208,1.1685393258426966,2.0,3.480769230769231
162,2019-03,827.4,93,115,234,1.2365591397849462,2.034782608695652,3.5358974358974358
162,2019-04,938.2,103,133,270,1.2912621359223302,2.030075187969925,3.474814814814815
162,2019-05,700.4,84,101,201,1.2023809523809523,1.99009900990099,3.4845771144278608
162,2019-06,731.2,86,104,210,1.2093023255813953,2.019230769230769,3.481904761904762
163,2018-07,188.6,31,33,55,1.064516129032258,1.6666666666666667,3.429090909090909
163,2018-08,183.1,31,32,49,1.032258064516129,1.53125,3.7367346938775508
163,2018-09,269.5,44,45,73,1.0227272727272727,1.6222222222222222,3.691780821917808
163,2018-10,178.0,35,38,61,1.0857142857142856,1.605263157894737,2.918032786885246
163,2018-11,261.8,42,47,76,1.119047619047619,1.6170212765957446,3.444736842105263
163,2018-12,222.6,35,38,65,1.0857142857142856,1.7105263157894737,3.4246153846153846
163,2019-01,208.9,40,41,60,1.025,1.4634146341463414,3.481666666666667
163,2019-02,182.0,34,34,51,1.0,1.5,3.5686274509803924
163,2019-03,268.8,47,50,80,1.0638297872340425,1.6,3.3600000000000003
163,2019-04,198.3,38,41,61,1.0789473684210527,1.4878048780487805,3.2508196721311475
163,2019-05,233.8,46,46,66,1.0,1.434782608695652,3.5424242424242425
163,2019-06,240.29999999999998,41,44,70,1.0731707317073171,1.5909090909090908,3.432857142857143
164,2018-07,853.2,97,128,262,1.3195876288659794,2.046875,3.2564885496183207
164,2018-08,920.2,112,145,272,1.2946428571428572,1.8758620689655172,3.383088235294118
164,2018-09,841.4,97,118,236,1.2164948453608246,2.0,3.5652542372881353
164,2018-10,863.2,98,121,242,1.2346938775510203,2.0,3.5669421487603308
164,2018-11,829.6,87,118,236,1.3563218390804597,2.0,3.515254237288136
164,2018-12,1031.6,113,147,296,1.3008849557522124,2.0136054421768708,3.4851351351351347
164,2019-01,950.2,103,136,278,1.3203883495145632,2.0441176470588234,3.4179856115107916
164,2019-02,753.8,91,104,210,1.1428571428571428,2.019230769230769,3.589523809523809
164,2019-03,991.0,107,138,278,1.2897196261682242,2.0144927536231885,3.564748201438849
164,2019-04,1015.6,105,140,280,1.3333333333333333,2.0,3.6271428571428572
164,2019-05,874.1,112,136,251,1.2142857142857142,1.8455882352941178,3.4824701195219125
164,2019-06,795.0,89,112,224,1.2584269662921348,2.0,3.549107142857143
165,2018-07,1457.0,133,167,332,1.255639097744361,1.9880239520958083,4.38855421686747
165,2018-08,1206.6,109,137,278,1.2568807339449541,2.0291970802919708,4.340287769784172
165,2018-09,1281.2,122,143,286,1.1721311475409837,2.0,4.47972027972028
165,2018-10,1234.4,118,138,279,1.1694915254237288,2.0217391304347827,4.424372759856631
165,2018-11,1291.2,126,147,298,1.1666666666666667,2.0272108843537415,4.332885906040269
165,2018-12,1345.4,121,146,294,1.2066115702479339,2.0136986301369864,4.576190476190477
165,2019-01,1422.0,133,160,320,1.2030075187969924,2.0,4.44375
165,2019-02,1237.5,113,139,279,1.2300884955752212,2.0071942446043165,4.435483870967742
165,2019-03,1215.4,114,135,269,1.1842105263157894,1.9925925925925927,4.5182156133829
165,2019-04,1391.7,129,159,318,1.2325581395348837,2.0,4.376415094339623
165,2019-05,1441.05,133,171,322,1.2857142857142858,1.8830409356725146,4.475310559006211
165,2019-06,1450.3,137,164,327,1.197080291970803,1.9939024390243902,4.435168195718655
166,2018-07,1143.3,122,138,252,1.1311475409836065,1.826086956521739,4.536904761904761
166,2018-08,876.6,95,110,198,1.1578947368421053,1.8,4.427272727272728
166,2018-09,927.1,111,119,214,1.072072072072072,1.7983193277310925,4.332242990654206
166,2018-10,1134.4,115,137,252,1.191304347826087,1.8394160583941606,4.501587301587302
166,2018-11,1026.4,117,130,231,1.1111111111111112,1.7769230769230768,4.443290043290044
166,2018-12,973.5,113,125,226,1.1061946902654867,1.808,4.307522123893805
166,2019-01,1048.3,110,130,231,1.1818181818181819,1.7769230769230768,4.538095238095238
166,2019-02,993.1,109,127,233,1.165137614678899,1.8346456692913387,4.262231759656652
166,2019-03,923.5,97,118,213,1.2164948453608246,1.805084745762712,4.335680751173709
166,2019-04,1027.5,107,126,232,1.1775700934579438,1.8412698412698412,4.428879310344827
166,2019-05,969.95,108,125,217,1.1574074074074074,1.736,4.469815668202765
166,2019-06,986.2,103,128,231,1.2427184466019416,1.8046875,4.26926406926407
167,2018-07,236.3,53,55,64,1.0377358490566038,1.1636363636363636,3.6921875
167,2018-08,206.6,37,39,57,1.054054054054054,1.4615384615384615,3.6245614035087717
167,2018-09,216.2,45,49,60,1.0888888888888888,1.2244897959183674,3.603333333333333
167,2018-10,161.6,34,35,44,1.0294117647058822,1.2571428571428571,3.6727272727272724
167,2018-11,212.9,46,52,62,1.1304347826086956,1.1923076923076923,3.4338709677419357
167,2018-12,164.9,40,41,46,1.025,1.1219512195121952,3.5847826086956522
167,2019-01,126.1,30,31,40,1.0333333333333334,1.2903225806451613,3.1525
167,2019-02,160.6,35,37,50,1.0571428571428572,1.3513513513513513,3.2119999999999997
167,2019-03,193.0,44,45,53,1.0227272727272727,1.1777777777777778,3.641509433962264
167,2019-04,185.1,42,42,55,1.0,1.3095238095238095,3.3654545454545453
167,2019-05,237.9,55,58,72,1.0545454545454545,1.2413793103448276,3.3041666666666667
167,2019-06,196.4,41,41,55,1.0,1.3414634146341464,3.570909090909091
168,2018-07,1075.8,112,147,298,1.3125,2.0272108843537415,3.6100671140939595
168,2018-08,922.35,102,131,260,1.2843137254901962,1.984732824427481,3.5475
168,2018-09,880.2,101,124,250,1.2277227722772277,2.0161290322580645,3.5208000000000004
168,2018-10,1061.0,113,150,302,1.3274336283185841,2.013333333333333,3.513245033112583
168,2018-11,940.4,110,133,266,1.209090909090909,2.0,3.5353383458646617
168,2018-12,1121.4,116,162,326,1.396551724137931,2.0123456790123457,3.4398773006134973
168,2019-01,903.0,100,126,254,1.26,2.015873015873016,3.5551181102362204
168,2019-02,1083.2,116,149,304,1.2844827586206897,2.040268456375839,3.5631578947368423
168,2019-03,1060.4,123,147,296,1.1951219512195121,2.0136054421768708,3.582432432432433
168,2019-04,945.6,96,130,262,1.3541666666666667,2.0153846153846153,3.6091603053435115
168,2019-05,971.05,112,146,288,1.3035714285714286,1.9726027397260273,3.371701388888889
168,2019-06,833.2,99,121,242,1.2222222222222223,2.0,3.4429752066115706
169,2018-07,217.9,41,43,68,1.048780487804878,1.5813953488372092,3.2044117647058825
169,2018-08,238.2,37,37,67,1.0,1.8108108108108107,3.5552238805970147
169,2018-09,276.0,43,48,79,1.1162790697674418,1.6458333333333333,3.4936708860759493
169,2018-10,305.2,45,53,92,1.1777777777777778,1.7358490566037736,3.317391304347826
169,2018-11,355.6,54,58,102,1.0740740740740742,1.7586206896551724,3.4862745098039216
169,2018-12,284.6,46,48,84,1.0434782608695652,1.75,3.3880952380952385
169,2019-01,322.8,53,56,89,1.0566037735849056,1.5892857142857142,3.626966292134832
169,2019-02,303.6,49,53,87,1.0816326530612246,1.6415094339622642,3.4896551724137934
169,2019-03,283.1,48,48,83,1.0,1.7291666666666667,3.410843373493976
169,2019-04,326.6,53,57,96,1.0754716981132075,1.6842105263157894,3.4020833333333336
169,2019-05,268.1,51,52,74,1.0196078431372548,1.4230769230769231,3.622972972972973
169,2019-06,353.0,58,62,102,1.0689655172413792,1.6451612903225807,3.4607843137254903
170,2018-07,523.8,52,58,115,1.1153846153846154,1.9827586206896552,4.5547826086956515
170,2018-08,332.6,41,42,77,1.024390243902439,1.8333333333333333,4.3194805194805195
170,2018-09,401.5,43,45,88,1.0465116279069768,1.9555555555555555,4.5625
170,2018-10,454.4,47,52,104,1.1063829787234043,2.0,4.369230769230769
170,2018-11,377.4,41,43,86,1.048780487804878,2.0,4.388372093023255
170,2018-12,305.0,32,33,66,1.03125,2.0,4.621212121212121
170,2019-01,373.0,42,44,87,1.0476190476190477,1.9772727272727273,4.287356321839081
170,2019-02,236.8,27,28,56,1.037037037037037,2.0,4.228571428571429
170,2019-03,262.0,29,29,58,1.0,2.0,4.517241379310345
170,2019-04,265.0,28,29,58,1.0357142857142858,2.0,4.568965517241379
170,2019-05,327.4,37,38,70,1.027027027027027,1.8421052631578947,4.677142857142857
170,2019-06,389.4,44,46,92,1.0454545454545454,2.0,4.232608695652174
171,2018-07,302.2,33,33,68,1.0,2.0606060606060606,4.444117647058824
171,2018-08,394.2,45,47,91,1.0444444444444445,1.9361702127659575,4.331868131868132
171,2018-09,405.7,48,48,95,1.0,1.9791666666666667,4.270526315789474
171,2018-10,423.2,44,50,100,1.1363636363636365,2.0,4.232
171,2018-11,409.2,48,50,100,1.0416666666666667,2.0,4.092
171,2018-12,448.4,49,52,104,1.0612244897959184,2.0,4.311538461538461
171,2019-01,351.6,38,41,82,1.0789473684210527,2.0,4.287804878048781
171,2019-02,398.7,44,46,91,1.0454545454545454,1.9782608695652173,4.381318681318681
171,2019-03,456.2,48,51,102,1.0625,2.0,4.472549019607843
171,2019-04,363.6,40,42,84,1.05,2.0,4.328571428571429
171,2019-05,404.7,49,50,92,1.0204081632653061,1.84,4.39891304347826
171,2019-06,368.2,40,43,84,1.075,1.9534883720930232,4.383333333333333
172,2018-07,820.8,89,117,234,1.3146067415730338,2.0,3.5076923076923077
172,2018-08,758.0,90,120,227,1.3333333333333333,1.8916666666666666,3.33920704845815
172,2018-09,816.4,86,112,224,1.302325581395349,2.0,3.644642857142857
172,2018-10,1040.8,114,154,310,1.3508771929824561,2.012987012987013,3.3574193548387097
172,2018-11,851.4,98,125,254,1.2755102040816326,2.032,3.351968503937008
172,2018-12,928.8,104,129,260,1.2403846153846154,2.0155038759689923,3.572307692307692
172,2019-01,897.2,93,123,252,1.3225806451612903,2.048780487804878,3.5603174603174605
172,2019-02,918.4,94,126,254,1.3404255319148937,2.015873015873016,3.615748031496063
172,2019-03,727.2,92,109,220,1.184782608695652,2.018348623853211,3.3054545454545456
172,2019-04,903.0,99,130,262,1.3131313131313131,2.0153846153846153,3.446564885496183
172,2019-05,811.6,99,121,236,1.2222222222222223,1.9504132231404958,3.4389830508474577
172,2019-06,1072.0,113,148,296,1.3097345132743363,2.0,3.6216216216216215
173,2018-07,451.0,49,52,104,1.0612244897959184,2.0,4.336538461538462
173,2018-08,565.75,66,72,127,1.0909090909090908,1.7638888888888888,4.4547244094488185
173,2018-09,349.0,40,41,82,1.025,2.0,4.2560975609756095
173,2018-10,524.2,53,57,114,1.0754716981132075,2.0,4.598245614035088
173,2018-11,443.8,48,51,102,1.0625,2.0,4.350980392156863
173,2018-12,505.2,56,59,118,1.0535714285714286,2.0,4.28135593220339
173,2019-01,458.6,48,52,104,1.0833333333333333,2.0,4.4096153846153845
173,2019-02,332.4,36,40,82,1.1111111111111112,2.05,4.053658536585366
173,2019-03,557.8,54,62,126,1.1481481481481481,2.032258064516129,4.426984126984126
173,2019-04,553.6,58,64,128,1.103448275862069,2.0,4.325
173,2019-05,457.0,47,52,104,1.1063829787234043,2.0,4.394230769230769
173,2019-06,504.40000000000003,54,57,114,1.0555555555555556,2.0,4.424561403508772
174,2018-07,337.6,39,40,77,1.0256410256410255,1.925,4.384415584415585
174,2018-08,483.0,50,53,104,1.06,1.9622641509433962,4.644230769230769
174,2018-09,258.4,27,29,58,1.0740740740740742,2.0,4.455172413793103
174,2018-10,347.6,35,38,78,1.0857142857142856,2.0526315789473686,4.456410256410257
174,2018-11,379.2,43,44,87,1.0232558139534884,1.9772727272727273,4.358620689655172
174,2018-12,337.4,35,38,72,1.0857142857142856,1.894736842105263,4.686111111111111
174,2019-01,391.1,39,41,81,1.0512820512820513,1.975609756097561,4.828395061728395
174,2019-02,501.3,50,55,109,1.1,1.981818181818182,4.599082568807339
174,2019-03,468.8,48,50,102,1.0416666666666667,2.04,4.59607843137255
174,2019-04,376.0,42,43,86,1.0238095238095237,2.0,4.372093023255814
174,2019-05,282.8,37,37,68,1.0,1.837837837837838,4.158823529411765
174,2019-06,414.6,42,47,94,1.119047619047619,2.0,4.410638297872341
175,2018-07,964.6,100,115,221,1.15,1.9217391304347826,4.364705882352942
175,2018-08,994.6,107,131,231,1.2242990654205608,1.7633587786259541,4.305627705627706
175,2018-09,901.9,95,108,200,1.1368421052631579,1.8518518518518519,4.5095
175,2018-10,880.9,92,103,195,1.1195652173913044,1.8932038834951457,4.517435897435897
175,2018-11,746.6,77,93,176,1.2077922077922079,1.89247311827957,4.242045454545455
175,2018-12,1171.7,115,137,265,1.191304347826087,1.9343065693430657,4.421509433962265
175,2019-01,1109.9,113,131,251,1.1592920353982301,1.916030534351145,4.42191235059761
175,2019-02,904.6,92,106,200,1.1521739130434783,1.8867924528301887,4.523
175,2019-03,898.4,102,108,204,1.0588235294117647,1.8888888888888888,4.40392156862745
175,2019-04,1041.3,105,123,231,1.1714285714285715,1.8780487804878048,4.507792207792208
175,2019-05,1036.0,106,122,228,1.150943396226415,1.8688524590163935,4.543859649122807
175,2019-06,1117.8,110,133,250,1.209090909090909,1.8796992481203008,4.4712
176,2018-07,287.2,51,53,75,1.0392156862745099,1.4150943396226414,3.829333333333333
176,2018-08,147.1,33,33,46,1.0,1.393939393939394,3.1978260869565216
176,2018-09,195.4,44,44,59,1.0,1.3409090909090908,3.311864406779661
176,2018-10,246.0,53,53,69,1.0,1.3018867924528301,3.5652173913043477
176,2018-11,177.1,37,40,53,1.0810810810810811,1.325,3.341509433962264
176,2018-12,231.6,38,39,60,1.0263157894736843,1.5384615384615385,3.86
176,2019-01,187.20000000000002,35,38,57,1.0857142857142856,1.5,3.28421052631579
176,2019-02,248.7,42,44,67,1.0476190476190477,1.5227272727272727,3.7119402985074625
176,2019-03,246.4,48,48,72,1.0,1.5,3.4222222222222225
176,2019-04,227.4,49,52,69,1.0612244897959184,1.3269230769230769,3.2956521739130435
176,2019-05,289.5,47,50,81,1.0638297872340425,1.62,3.574074074074074
176,2019-06,269.3,51,54,78,1.0588235294117647,1.4444444444444444,3.4525641025641027
177,2018-07,9.6,3,3,3,1.0,1.0,3.1999999999999997
177,2018-08,23.7,7,7,7,1.0,1.0,3.3857142857142857
177,2018-09,21.6,5,5,6,1.0,1.2,3.6
177,2018-10,2.7,1,1,1,1.0,1.0,2.7
177,2018-11,39.3,10,10,12,1.0,1.2,3.275
177,2018-12,5.3,2,2,2,1.0,1.0,2.65
177,2019-01,31.7,9,9,9,1.0,1.0,3.522222222222222
177,2019-02,13.7,3,3,3,1.0,1.0,4.566666666666666
177,2019-03,18.0,4,4,4,1.0,1.0,4.5
177,2019-04,1.5,1,1,1,1.0,1.0,1.5
177,2019-05,13.899999999999999,3,3,3,1.0,1.0,4.633333333333333
177,2019-06,30.2,8,8,8,1.0,1.0,3.775
178,2018-07,952.0,107,131,264,1.2242990654205608,2.015267175572519,3.606060606060606
178,2018-08,915.5,108,133,253,1.2314814814814814,1.9022556390977443,3.6185770750988144
178,2018-09,954.4,101,128,266,1.2673267326732673,2.078125,3.58796992481203
178,2018-10,962.6,102,141,290,1.3823529411764706,2.0567375886524824,3.3193103448275862
178,2018-11,975.6,111,138,278,1.2432432432432432,2.0144927536231885,3.5093525179856115
178,2018-12,947.2,101,134,270,1.3267326732673268,2.014925373134328,3.5081481481481482
178,2019-01,837.2,95,118,244,1.2421052631578948,2.0677966101694913,3.4311475409836065
178,2019-02,1088.8,107,145,294,1.355140186915888,2.027586206896552,3.7034013605442175
178,2019-03,998.8,114,143,286,1.2543859649122806,2.0,3.4923076923076923
178,2019-04,1059.8,117,148,300,1.264957264957265,2.027027027027027,3.5326666666666666
178,2019-05,888.0,102,131,250,1.2843137254901962,1.9083969465648856,3.552
178,2019-06,722.6,92,108,216,1.173913043478261,2.0,3.3453703703703703
179,2018-07,934.0,99,131,267,1.3232323232323233,2.0381679389312977,3.49812734082397
179,2018-08,961.9,106,143,275,1.349056603773585,1.9230769230769231,3.497818181818182
179,2018-09,875.0,97,121,246,1.2474226804123711,2.0330578512396693,3.5569105691056913
179,2018-10,999.2,105,141,282,1.3428571428571427,2.0,3.5432624113475177
179,2018-11,1071.2,109,150,300,1.3761467889908257,2.0,3.570666666666667
179,2018-12,786.2,85,108,220,1.2705882352941176,2.037037037037037,3.5736363636363637
179,2019-01,1085.0,110,146,298,1.3272727272727274,2.041095890410959,3.640939597315436
179,2019-02,1046.2,112,148,296,1.3214285714285714,2.0,3.53445945945946
179,2019-03,1112.4,129,166,332,1.2868217054263567,2.0,3.3506024096385545
179,2019-04,1054.2,107,149,300,1.3925233644859814,2.0134228187919465,3.5140000000000002
179,2019-05,1022.2,112,156,303,1.3928571428571428,1.9423076923076923,3.3735973597359736
179,2019-06,917.2,100,128,258,1.28,2.015625,3.5550387596899227
180,2018-07,816.6,93,121,244,1.3010752688172043,2.0165289256198347,3.34672131147541
180,2018-08,788.5,108,131,243,1.212962962962963,1.8549618320610688,3.2448559670781894
180,2018-09,911.4,101,131,262,1.297029702970297,2.0,3.478625954198473
180,2018-10,871.4,95,121,244,1.2736842105263158,2.0165289256198347,3.571311475409836
180,2018-11,793.4,98,113,228,1.153061224489796,2.017699115044248,3.479824561403509
180,2018-12,995.0,105,141,282,1.3428571428571427,2.0,3.528368794326241
180,2019-01,1089.4,108,152,308,1.4074074074074074,2.026315789473684,3.537012987012987
180,2019-02,839.6,97,119,238,1.2268041237113403,2.0,3.5277310924369747
180,2019-03,941.0,99,131,264,1.3232323232323233,2.015267175572519,3.5643939393939394
180,2019-04,964.4,106,136,272,1.2830188679245282,2.0,3.5455882352941175
180,2019-05,896.6,103,133,253,1.2912621359223302,1.9022556390977443,3.5438735177865612
180,2019-06,965.2,105,139,280,1.3238095238095238,2.014388489208633,3.4471428571428575
181,2018-07,1379.9,130,157,311,1.2076923076923076,1.980891719745223,4.436977491961415
181,2018-08,1040.75,112,129,238,1.1517857142857142,1.8449612403100775,4.3728991596638656
181,2018-09,1114.4,115,130,257,1.1304347826086956,1.976923076923077,4.336186770428016
181,2018-10,1289.9,124,145,293,1.1693548387096775,2.0206896551724136,4.4023890784982935
181,2018-11,1203.2,112,139,274,1.2410714285714286,1.9712230215827338,4.391240875912409
181,2018-12,1200.0,118,138,272,1.1694915254237288,1.9710144927536233,4.411764705882353
181,2019-01,1153.9,104,129,256,1.2403846153846154,1.9844961240310077,4.507421875
181,2019-02,1089.4,108,121,246,1.1203703703703705,2.0330578512396693,4.428455284552846
181,2019-03,1291.8,116,146,289,1.2586206896551724,1.9794520547945205,4.469896193771626
181,2019-04,1072.3,106,120,238,1.1320754716981132,1.9833333333333334,4.50546218487395
181,2019-05,1063.8,107,124,242,1.158878504672897,1.9516129032258065,4.395867768595041
181,2019-06,1209.1,112,136,271,1.2142857142857142,1.9926470588235294,4.461623616236162
182,2018-07,388.4,44,44,88,1.0,2.0,4.413636363636363
182,2018-08,461.9,51,55,101,1.0784313725490196,1.8363636363636364,4.573267326732673
182,2018-09,423.4,44,48,96,1.0909090909090908,2.0,4.410416666666666
182,2018-10,373.8,41,42,84,1.024390243902439,2.0,4.45
182,2018-11,464.0,48,51,102,1.0625,2.0,4.549019607843137
182,2018-12,327.2,35,38,76,1.0857142857142856,2.0,4.3052631578947365
182,2019-01,394.4,45,46,91,1.0222222222222221,1.9782608695652173,4.334065934065934
182,2019-02,269.7,31,32,62,1.032258064516129,1.9375,4.35
182,2019-03,306.7,34,36,71,1.0588235294117647,1.9722222222222223,4.319718309859155
182,2019-04,397.8,43,44,88,1.0232558139534884,2.0,4.5204545454545455
182,2019-05,389.8,43,46,86,1.069767441860465,1.8695652173913044,4.532558139534884
182,2019-06,292.8,33,34,68,1.0303030303030303,2.0,4.305882352941176
183,2018-07,870.2,96,123,246,1.28125,2.0,3.53739837398374
183,2018-08,707.4,88,111,205,1.2613636363636365,1.8468468468468469,3.450731707317073
183,2018-09,810.0,86,109,218,1.2674418604651163,2.0,3.7155963302752295
183,2018-10,813.8,94,118,238,1.2553191489361701,2.016949152542373,3.419327731092437
183,2018-11,804.2,94,114,228,1.2127659574468086,2.0,3.5271929824561408
183,2018-12,902.4,105,135,272,1.2857142857142858,2.0148148148148146,3.317647058823529
183,2019-01,900.6,101,128,260,1.2673267326732673,2.03125,3.463846153846154
183,2019-02,744.8,89,104,208,1.1685393258426966,2.0,3.5807692307692305
183,2019-03,809.6,99,120,242,1.2121212121212122,2.0166666666666666,3.3454545454545457
183,2019-04,871.2,102,125,252,1.2254901960784315,2.016,3.4571428571428573
183,2019-05,819.8,102,121,235,1.1862745098039216,1.9421487603305785,3.488510638297872
183,2019-06,923.6,91,125,254,1.3736263736263736,2.032,3.636220472440945
184,2018-07,983.8,105,141,286,1.3428571428571427,2.028368794326241,3.43986013986014
184,2018-08,874.4,100,127,248,1.27,1.952755905511811,3.5258064516129033
184,2018-09,873.0,96,125,252,1.3020833333333333,2.016,3.4642857142857144
184,2018-10,895.2,106,128,258,1.2075471698113207,2.015625,3.469767441860465
184,2018-11,869.2,93,118,240,1.2688172043010753,2.0338983050847457,3.621666666666667
184,2018-12,900.0,95,130,260,1.368421052631579,2.0,3.4615384615384617
184,2019-01,913.4,93,128,256,1.3763440860215055,2.0,3.56796875
184,2019-02,827.0,85,116,238,1.3647058823529412,2.0517241379310347,3.4747899159663866
184,2019-03,964.8000000000001,107,135,274,1.2616822429906542,2.0296296296296297,3.521167883211679
184,2019-04,959.2,104,138,276,1.3269230769230769,2.0,3.47536231884058
184,2019-05,959.95,113,144,269,1.2743362831858407,1.8680555555555556,3.5685873605947958
184,2019-06,917.6,89,126,260,1.4157303370786516,2.0634920634920637,3.5292307692307694
185,2018-07,225.6,41,44,62,1.0731707317073171,1.4090909090909092,3.638709677419355
185,2018-08,276.3,54,55,74,1.0185185185185186,1.3454545454545455,3.733783783783784
185,2018-09,196.9,39,42,57,1.0769230769230769,1.3571428571428572,3.454385964912281
185,2018-10,216.1,40,41,63,1.025,1.5365853658536586,3.43015873015873
185,2018-11,202.3,42,42,59,1.0,1.4047619047619047,3.428813559322034
185,2018-12,206.2,40,42,58,1.05,1.380952380952381,3.555172413793103
185,2019-01,261.1,50,52,78,1.04,1.5,3.3474358974358975
185,2019-02,217.8,40,43,60,1.075,1.3953488372093024,3.6300000000000003
185,2019-03,245.3,48,51,69,1.0625,1.3529411764705883,3.555072463768116
185,2019-04,283.6,56,59,85,1.0535714285714286,1.4406779661016949,3.3364705882352945
185,2019-05,314.6,57,60,89,1.0526315789473684,1.4833333333333334,3.5348314606741575
185,2019-06,222.8,45,46,67,1.0222222222222221,1.4565217391304348,3.3253731343283586
186,2018-07,141.3,31,33,43,1.064516129032258,1.303030303030303,3.2860465116279074
186,2018-08,144.7,30,32,43,1.0666666666666667,1.34375,3.3651162790697673
186,2018-09,174.5,33,35,49,1.0606060606060606,1.4,3.561224489795918
186,2018-10,164.6,33,35,47,1.0606060606060606,1.3428571428571427,3.502127659574468
186,2018-11,169.0,41,41,47,1.0,1.146341463414634,3.595744680851064
186,2018-12,157.4,36,37,47,1.0277777777777777,1.2702702702702702,3.3489361702127662
186,2019-01,181.6,42,43,53,1.0238095238095237,1.2325581395348837,3.4264150943396223
186,2019-02,118.60000000000001,31,31,37,1.0,1.1935483870967742,3.2054054054054055
186,2019-03,132.2,31,31,37,1.0,1.1935483870967742,3.5729729729729724
186,2019-04,147.9,32,32,43,1.0,1.34375,3.4395348837209303
186,2019-05,195.3,38,39,52,1.0263157894736843,1.3333333333333333,3.755769230769231
186,2019-06,179.6,37,40,48,1.0810810810810811,1.2,3.7416666666666667
187,2018-07,253.9,39,42,59,1.0769230769230769,1.4047619047619047,4.303389830508475
187,2018-08,214.3,36,37,54,1.0277777777777777,1.4594594594594594,3.968518518518519
187,2018-09,276.1,37,41,60,1.1081081081081081,1.4634146341463414,4.6016666666666675
187,2018-10,181.4,25,27,41,1.08,1.5185185185185186,4.424390243902439
187,2018-11,327.9,48,54,78,1.125,1.4444444444444444,4.203846153846153
187,2018-12,264.4,37,38,60,1.027027027027027,1.5789473684210527,4.406666666666666
187,2019-01,184.20000000000002,30,31,42,1.0333333333333334,1.3548387096774193,4.385714285714286
187,2019-02,246.5,38,40,55,1.0526315789473684,1.375,4.4818181818181815
187,2019-03,247.20000000000002,39,40,56,1.0256410256410255,1.4,4.414285714285715
187,2019-04,240.2,36,38,54,1.0555555555555556,1.4210526315789473,4.448148148148148
187,2019-05,218.29999999999998,35,37,51,1.0571428571428572,1.3783783783783783,4.280392156862745
187,2019-06,255.3,36,38,57,1.0555555555555556,1.5,4.478947368421053
188,2018-07,234.4,35,37,66,1.0571428571428572,1.7837837837837838,3.5515151515151517
188,2018-08,210.3,37,37,59,1.0,1.5945945945945945,3.564406779661017
188,2018-09,280.8,44,50,82,1.1363636363636365,1.64,3.424390243902439
188,2018-10,246.3,39,40,67,1.0256410256410255,1.675,3.676119402985075
188,2018-11,236.8,46,47,78,1.0217391304347827,1.6595744680851063,3.035897435897436
188,2018-12,266.8,44,47,79,1.0681818181818181,1.6808510638297873,3.377215189873418
188,2019-01,208.1,35,35,60,1.0,1.7142857142857142,3.4683333333333333
188,2019-02,266.1,40,42,77,1.05,1.8333333333333333,3.455844155844156
188,2019-03,318.3,52,54,90,1.0384615384615385,1.6666666666666667,3.5366666666666666
188,2019-04,320.6,49,52,89,1.0612244897959184,1.7115384615384615,3.6022471910112364
188,2019-05,284.5,44,49,88,1.1136363636363635,1.7959183673469388,3.2329545454545454
188,2019-06,213.0,39,39,64,1.0,1.641025641025641,3.328125
189,2018-07,137.5,35,39,39,1.1142857142857143,1.0,3.5256410256410255
189,2018-08,151.8,28,30,43,1.0714285714285714,1.4333333333333333,3.5302325581395353
189,2018-09,99.3,28,29,29,1.0357142857142858,1.0,3.424137931034483
189,2018-10,142.3,35,37,39,1.0571428571428572,1.054054054054054,3.648717948717949
189,2018-11,110.8,33,34,34,1.0303030303030303,1.0,3.2588235294117647
189,2018-12,95.39999999999999,25,25,25,1.0,1.0,3.816
189,2019-01,113.0,29,31,32,1.0689655172413792,1.032258064516129,3.53125
189,2019-02,83.5,24,25,25,1.0416666666666667,1.0,3.34
189,2019-03,122.8,33,33,33,1.0,1.0,3.721212121212121
189,2019-04,100.5,25,27,28,1.08,1.037037037037037,3.5892857142857144
189,2019-05,131.6,35,36,47,1.0285714285714285,1.3055555555555556,2.8
189,2019-06,98.4,28,29,29,1.0357142857142858,1.0,3.393103448275862
190,2018-07,829.4,98,118,238,1.2040816326530612,2.016949152542373,3.484873949579832
190,2018-08,817.8,103,122,230,1.1844660194174756,1.8852459016393444,3.5556521739130433
190,2018-09,911.8,105,129,260,1.2285714285714286,2.0155038759689923,3.506923076923077
190,2018-10,773.8,93,111,224,1.1935483870967742,2.018018018018018,3.4544642857142853
190,2018-11,790.0,83,109,222,1.3132530120481927,2.036697247706422,3.5585585585585586
190,2018-12,721.0,82,100,200,1.2195121951219512,2.0,3.605
190,2019-01,830.8,94,122,246,1.297872340425532,2.0163934426229506,3.3772357723577233
190,2019-02,836.0,98,119,240,1.2142857142857142,2.0168067226890756,3.4833333333333334
190,2019-03,946.0,113,136,278,1.2035398230088497,2.0441176470588234,3.402877697841727
190,2019-04,787.6,93,112,226,1.2043010752688172,2.017857142857143,3.4849557522123895
190,2019-05,990.6,105,139,271,1.3238095238095238,1.9496402877697843,3.655350553505535
190,2019-06,649.4,79,94,190,1.1898734177215189,2.021276595744681,3.417894736842105
191,2018-07,826.2,100,118,236,1.18,2.0,3.5008474576271187
191,2018-08,861.4,100,127,248,1.27,1.952755905511811,3.4733870967741933
191,2018-09,803.2,91,112,226,1.2307692307692308,2.017857142857143,3.553982300884956
191,2018-10,816.6,81,110,224,1.3580246913580247,2.036363636363636,3.6455357142857143
191,2018-11,896.2,107,131,266,1.2242990654205608,2.030534351145038,3.369172932330827
191,2018-12,897.4,98,126,256,1.2857142857142858,2.0317460317460316,3.50546875
191,2019-01,851.6,98,120,240,1.2244897959183674,2.0,3.5483333333333333
191,2019-02,848.8,96,113,230,1.1770833333333333,2.0353982300884956,3.6904347826086954
191,2019-03,965.4,99,135,272,1.3636363636363635,2.0148148148148146,3.549264705882353
191,2019-04,1008.8,94,138,284,1.4680851063829787,2.0579710144927534,3.5521126760563377
191,2019-05,740.9,84,112,213,1.3333333333333333,1.9017857142857142,3.4784037558685443
191,2019-06,888.2,92,116,234,1.2608695652173914,2.0172413793103448,3.795726495726496
192,2018-07,34.3,8,8,10,1.0,1.25,3.4299999999999997
192,2018-08,39.0,7,7,11,1.0,1.5714285714285714,3.5454545454545454
192,2018-09,30.400000000000002,5,5,7,1.0,1.4,4.342857142857143
192,2018-10,17.0,4,4,7,1.0,1.75,2.4285714285714284
192,2018-11,50.4,10,10,14,1.0,1.4,3.6
192,2018-12,58.2,11,12,16,1.0909090909090908,1.3333333333333333,3.6375
192,2019-01,22.7,7,7,8,1.0,1.1428571428571428,2.8375
192,2019-02,8.4,2,2,3,1.0,1.5,2.8000000000000003
192,2019-03,23.3,6,6,8,1.0,1.3333333333333333,2.9125
192,2019-04,29.7,5,5,8,1.0,1.6,3.7125
192,2019-05,22.900000000000002,4,4,6,1.0,1.5,3.816666666666667
192,2019-06,25.0,3,3,6,1.0,2.0,4.166666666666667
194,2018-07,1111.1,109,133,260,1.2201834862385321,1.9548872180451127,4.273461538461538
194,2018-08,941.65,105,115,209,1.0952380952380953,1.817391304347826,4.505502392344497
194,2018-09,1074.8,106,122,242,1.150943396226415,1.9836065573770492,4.441322314049587
194,2018-10,1208.3,118,134,273,1.1355932203389831,2.037313432835821,4.426007326007326
194,2018-11,1057.6,108,125,246,1.1574074074074074,1.968,4.299186991869918
194,2018-12,1259.0,119,141,281,1.184873949579832,1.9929078014184398,4.480427046263345
194,2019-01,1059.8,104,119,237,1.1442307692307692,1.9915966386554622,4.471729957805907
194,2019-02,957.9,98,111,221,1.1326530612244898,1.990990990990991,4.334389140271493
194,2019-03,1267.1,117,140,279,1.1965811965811965,1.9928571428571429,4.5415770609319
194,2019-04,807.0,80,95,186,1.1875,1.9578947368421054,4.338709677419355
194,2019-05,1029.7,105,125,234,1.1904761904761905,1.872,4.400427350427351
194,2019-06,1262.0,120,142,281,1.1833333333333333,1.9788732394366197,4.4911032028469755
195,2018-07,227.5,44,45,67,1.0227272727272727,1.488888888888889,3.3955223880597014
195,2018-08,332.25,62,67,101,1.0806451612903225,1.507462686567164,3.2896039603960396
195,2018-09,152.9,31,32,41,1.032258064516129,1.28125,3.729268292682927
195,2018-10,262.3,48,50,72,1.0416666666666667,1.44,3.6430555555555557
195,2018-11,222.2,40,42,64,1.05,1.5238095238095237,3.471875
195,2018-12,258.0,48,50,72,1.0416666666666667,1.44,3.5833333333333335
195,2019-01,153.3,33,34,48,1.0303030303030303,1.411764705882353,3.19375
195,2019-02,185.5,34,35,55,1.0294117647058822,1.5714285714285714,3.3727272727272726
195,2019-03,186.7,38,39,55,1.0263157894736843,1.4102564102564104,3.3945454545454545
195,2019-04,181.7,39,40,52,1.0256410256410255,1.3,3.494230769230769
195,2019-05,261.3,54,56,82,1.037037037037037,1.4642857142857142,3.1865853658536585
195,2019-06,184.6,36,40,57,1.1111111111111112,1.425,3.23859649122807
196,2018-07,876.2,93,128,260,1.3763440860215055,2.03125,3.37
196,2018-08,848.7,96,122,237,1.2708333333333333,1.9426229508196722,3.581012658227848
196,2018-09,858.4,101,120,242,1.188118811881188,2.0166666666666666,3.547107438016529
196,2018-10,846.0,103,126,252,1.2233009708737863,2.0,3.357142857142857
196,2018-11,770.2,92,109,222,1.184782608695652,2.036697247706422,3.4693693693693697
196,2018-12,1007.4,113,140,288,1.238938053097345,2.057142857142857,3.497916666666667
196,2019-01,919.4,98,125,256,1.2755102040816326,2.048,3.59140625
196,2019-02,732.0,81,105,212,1.2962962962962963,2.019047619047619,3.452830188679245
196,2019-03,980.8,102,130,266,1.2745098039215685,2.046153846153846,3.6872180451127816
196,2019-04,906.6,95,127,254,1.3368421052631578,2.0,3.569291338582677
196,2019-05,901.3,99,132,259,1.3333333333333333,1.9621212121212122,3.47992277992278
196,2019-06,761.2,83,108,220,1.3012048192771084,2.037037037037037,3.4600000000000004
197,2018-07,363.2,48,52,99,1.0833333333333333,1.9038461538461537,3.6686868686868688
197,2018-08,294.4,47,48,87,1.0212765957446808,1.8125,3.3839080459770114
197,2018-09,307.6,42,48,89,1.1428571428571428,1.8541666666666667,3.456179775280899
197,2018-10,351.2,52,54,99,1.0384615384615385,1.8333333333333333,3.5474747474747472
197,2018-11,290.8,47,49,92,1.0425531914893618,1.8775510204081634,3.1608695652173915
197,2018-12,394.2,56,58,108,1.0357142857142858,1.8620689655172413,3.65
197,2019-01,325.9,48,48,89,1.0,1.8541666666666667,3.6617977528089884
197,2019-02,309.1,41,47,85,1.146341463414634,1.8085106382978724,3.6364705882352943
197,2019-03,344.7,48,50,95,1.0416666666666667,1.9,3.628421052631579
197,2019-04,262.2,39,42,77,1.0769230769230769,1.8333333333333333,3.405194805194805
197,2019-05,281.0,48,51,87,1.0625,1.7058823529411764,3.2298850574712645
197,2019-06,358.4,48,51,93,1.0625,1.8235294117647058,3.853763440860215
198,2018-07,20.3,4,4,6,1.0,1.5,3.3833333333333333
198,2018-08,10.7,2,2,3,1.0,1.5,3.5666666666666664
198,2018-09,20.7,5,5,7,1.0,1.4,2.957142857142857
198,2018-10,26.2,3,3,6,1.0,2.0,4.366666666666666
198,2018-11,34.3,6,6,8,1.0,1.3333333333333333,4.2875
198,2018-12,24.0,3,3,5,1.0,1.6666666666666667,4.8
198,2019-01,19.200000000000003,3,3,5,1.0,1.6666666666666667,3.8400000000000007
198,2019-02,11.8,2,2,4,1.0,2.0,2.95
198,2019-03,19.9,4,4,6,1.0,1.5,3.3166666666666664
198,2019-04,23.3,6,6,7,1.0,1.1666666666666667,3.3285714285714287
198,2019-05,28.5,6,6,7,1.0,1.1666666666666667,4.071428571428571
198,2019-06,13.8,3,3,4,1.0,1.3333333333333333,3.45
199,2018-07,1299.6,122,145,293,1.1885245901639345,2.0206896551724136,4.4354948805460745
199,2018-08,1194.8,121,143,268,1.1818181818181819,1.8741258741258742,4.45820895522388
199,2018-09,1143.8,106,127,261,1.1981132075471699,2.0551181102362204,4.3823754789272025
199,2018-10,1323.8,120,143,290,1.1916666666666667,2.027972027972028,4.5648275862068965
199,2018-11,1131.4,116,130,260,1.1206896551724137,2.0,4.351538461538462
199,2018-12,1326.2,119,149,301,1.2521008403361344,2.0201342281879193,4.405980066445183
199,2019-01,1234.8,119,140,282,1.1764705882352942,2.0142857142857142,4.378723404255319
199,2019-02,1233.0,122,137,280,1.1229508196721312,2.0437956204379564,4.4035714285714285
199,2019-03,1336.4,124,151,304,1.217741935483871,2.013245033112583,4.396052631578947
199,2019-04,1182.6,110,131,264,1.190909090909091,2.015267175572519,4.4795454545454545
199,2019-05,1190.4,114,140,271,1.2280701754385965,1.9357142857142857,4.392619926199262
199,2019-06,1200.2,110,135,269,1.2272727272727273,1.9925925925925927,4.461710037174721
200,2018-07,497.2,56,58,116,1.0357142857142858,2.0,4.286206896551724
200,2018-08,681.3,71,82,151,1.1549295774647887,1.8414634146341464,4.5119205298013245
200,2018-09,630.8,65,70,144,1.0769230769230769,2.057142857142857,4.3805555555555555
200,2018-10,471.5,50,53,105,1.06,1.9811320754716981,4.4904761904761905
200,2018-11,413.4,43,47,94,1.0930232558139534,2.0,4.397872340425532
200,2018-12,325.8,35,38,76,1.0857142857142856,2.0,4.286842105263158
200,2019-01,498.0,53,57,113,1.0754716981132075,1.9824561403508771,4.407079646017699
200,2019-02,355.0,40,42,84,1.05,2.0,4.226190476190476
200,2019-03,360.4,39,41,81,1.0512820512820513,1.975609756097561,4.449382716049382
200,2019-04,358.4,39,41,82,1.0512820512820513,2.0,4.370731707317073
200,2019-05,408.4,45,48,92,1.0666666666666667,1.9166666666666667,4.439130434782609
200,2019-06,544.4,59,62,124,1.0508474576271187,2.0,4.390322580645161
201,2018-07,1107.2,119,127,253,1.0672268907563025,1.9921259842519685,4.376284584980238
201,2018-08,1118.9,112,132,255,1.1785714285714286,1.9318181818181819,4.387843137254903
201,2018-09,1160.2,107,132,264,1.233644859813084,2.0,4.3946969696969695
201,2018-10,1244.6,122,143,284,1.1721311475409837,1.986013986013986,4.3823943661971825
201,2018-11,1248.9,127,141,280,1.110236220472441,1.9858156028368794,4.460357142857143
201,2018-12,1182.1,117,135,268,1.1538461538461537,1.9851851851851852,4.410820895522388
201,2019-01,1133.5,107,129,257,1.205607476635514,1.9922480620155039,4.410505836575876
201,2019-02,1139.2,111,128,255,1.1531531531531531,1.9921875,4.467450980392157
201,2019-03,1364.2,130,152,301,1.1692307692307693,1.980263157894737,4.532225913621263
201,2019-04,1246.6,122,146,290,1.1967213114754098,1.9863013698630136,4.298620689655172
201,2019-05,1094.8,115,135,259,1.173913043478261,1.9185185185185185,4.2270270270270265
201,2019-06,1258.5,126,149,296,1.1825396825396826,1.9865771812080537,4.2516891891891895
202,2018-07,628.2,65,71,142,1.0923076923076922,2.0,4.4239436619718315
202,2018-08,478.3,46,50,111,1.0869565217391304,2.22,4.309009009009009
202,2018-09,516.4,53,59,118,1.1132075471698113,2.0,4.376271186440678
202,2018-10,507.2,55,60,120,1.0909090909090908,2.0,4.226666666666667
202,2018-11,471.6,51,54,108,1.0588235294117647,2.0,4.366666666666667
202,2018-12,461.2,49,52,104,1.0612244897959184,2.0,4.434615384615385
202,2019-01,465.2,49,52,104,1.0612244897959184,2.0,4.473076923076923
202,2019-02,454.8,50,53,106,1.06,2.0,4.290566037735849
202,2019-03,441.4,49,51,102,1.0408163265306123,2.0,4.327450980392157
202,2019-04,499.2,54,58,116,1.0740740740740742,2.0,4.303448275862069
202,2019-05,468.35,48,54,107,1.125,1.9814814814814814,4.377102803738318
202,2019-06,599.2,63,68,136,1.0793650793650793,2.0,4.405882352941177
203,2018-07,1266.8,115,142,286,1.2347826086956522,2.0140845070422535,4.429370629370629
203,2018-08,1216.8,119,146,280,1.226890756302521,1.917808219178082,4.345714285714285
203,2018-09,1266.8,121,142,286,1.1735537190082646,2.0140845070422535,4.429370629370629
203,2018-10,1302.7,118,146,295,1.2372881355932204,2.0205479452054793,4.415932203389831
203,2018-11,1357.0,123,150,302,1.2195121951219512,2.013333333333333,4.493377483443709
203,2018-12,1336.6,132,148,298,1.121212121212121,2.0135135135135136,4.485234899328859
203,2019-01,1197.0,114,134,272,1.1754385964912282,2.029850746268657,4.400735294117647
203,2019-02,1123.0,114,127,254,1.1140350877192982,2.0,4.421259842519685
203,2019-03,1164.8,114,130,262,1.1403508771929824,2.0153846153846153,4.445801526717557
203,2019-04,982.8000000000001,97,113,226,1.1649484536082475,2.0,4.348672566371682
203,2019-05,1115.1,114,135,252,1.1842105263157894,1.8666666666666667,4.425
203,2019-06,1222.2,112,137,274,1.2232142857142858,2.0,4.460583941605839
204,2018-07,40.400000000000006,6,6,11,1.0,1.8333333333333333,3.6727272727272733
204,2018-08,39.9,7,7,12,1.0,1.7142857142857142,3.3249999999999997
204,2018-09,57.4,8,8,14,1.0,1.75,4.1
204,2018-10,35.4,5,5,9,1.0,1.8,3.933333333333333
204,2018-11,45.7,6,6,11,1.0,1.8333333333333333,4.154545454545455
204,2018-12,33.6,5,5,9,1.0,1.8,3.7333333333333334
204,2019-01,29.0,4,4,8,1.0,2.0,3.625
204,2019-02,11.4,2,2,4,1.0,2.0,2.85
204,2019-03,46.4,8,8,13,1.0,1.625,3.569230769230769
204,2019-04,23.200000000000003,3,3,6,1.0,2.0,3.866666666666667
204,2019-05,58.6,9,9,17,1.0,1.8888888888888888,3.447058823529412
204,2019-06,35.0,5,5,10,1.0,2.0,3.5
205,2018-07,320.6,49,51,85,1.0408163265306123,1.6666666666666667,3.771764705882353
205,2018-08,283.6,46,48,81,1.0434782608695652,1.6875,3.5012345679012347
205,2018-09,215.5,32,35,57,1.09375,1.6285714285714286,3.780701754385965
205,2018-10,274.7,42,44,75,1.0476190476190477,1.7045454545454546,3.6626666666666665
205,2018-11,224.2,36,37,59,1.0277777777777777,1.5945945945945945,3.8
205,2018-12,219.5,36,36,60,1.0,1.6666666666666667,3.658333333333333
205,2019-01,256.1,44,46,76,1.0454545454545454,1.6521739130434783,3.3697368421052634
205,2019-02,171.8,31,31,50,1.0,1.6129032258064515,3.4360000000000004
205,2019-03,331.1,52,55,95,1.0576923076923077,1.7272727272727273,3.485263157894737
205,2019-04,195.1,31,33,55,1.064516129032258,1.6666666666666667,3.5472727272727274
205,2019-05,246.70000000000002,47,50,75,1.0638297872340425,1.5,3.2893333333333334
205,2019-06,227.9,42,42,66,1.0,1.5714285714285714,3.453030303030303
207,2018-07,934.2,104,134,272,1.2884615384615385,2.029850746268657,3.4345588235294118
207,2018-08,812.1,96,126,237,1.3125,1.880952380952381,3.4265822784810127
207,2018-09,773.2,91,112,224,1.2307692307692308,2.0,3.4517857142857147
207,2018-10,920.6,100,127,256,1.27,2.015748031496063,3.59609375
207,2018-11,989.4,114,139,278,1.219298245614035,2.0,3.5589928057553957
207,2018-12,812.4,95,119,240,1.2526315789473683,2.0168067226890756,3.385
207,2019-01,841.2,102,123,248,1.2058823529411764,2.016260162601626,3.391935483870968
207,2019-02,770.4,92,108,218,1.173913043478261,2.0185185185185186,3.5339449541284402
207,2019-03,891.6,103,129,260,1.2524271844660195,2.0155038759689923,3.4292307692307693
207,2019-04,869.0,100,127,254,1.27,2.0,3.421259842519685
207,2019-05,801.9,95,124,236,1.305263157894737,1.903225806451613,3.397881355932203
207,2019-06,901.2,103,127,254,1.233009708737864,2.0,3.5480314960629924
208,2018-07,680.6,83,100,200,1.2048192771084338,2.0,3.403
208,2018-08,649.65,82,102,194,1.2439024390243902,1.9019607843137254,3.3487113402061857
208,2018-09,755.8,85,106,214,1.2470588235294118,2.018867924528302,3.5317757009345794
208,2018-10,809.4,90,110,222,1.2222222222222223,2.018181818181818,3.645945945945946
208,2018-11,763.6,88,105,210,1.1931818181818181,2.0,3.6361904761904764
208,2018-12,827.8,93,120,244,1.2903225806451613,2.033333333333333,3.392622950819672
208,2019-01,737.8,90,110,220,1.2222222222222223,2.0,3.3536363636363635
208,2019-02,641.6,74,88,176,1.1891891891891893,2.0,3.6454545454545455
208,2019-03,823.2,89,115,230,1.2921348314606742,2.0,3.5791304347826087
208,2019-04,695.6,88,105,210,1.1931818181818181,2.0,3.3123809523809524
208,2019-05,1064.1,104,151,292,1.4519230769230769,1.9337748344370862,3.6441780821917806
208,2019-06,845.6,95,121,242,1.2736842105263158,2.0,3.494214876033058
209,2018-07,723.6,88,108,218,1.2272727272727273,2.0185185185185186,3.3192660550458717
209,2018-08,769.5,85,109,213,1.2823529411764707,1.9541284403669725,3.612676056338028
209,2018-09,787.8,89,108,218,1.2134831460674158,2.0185185185185186,3.613761467889908
209,2018-10,785.6,91,115,230,1.2637362637362637,2.0,3.4156521739130437
209,2018-11,762.8,89,107,216,1.202247191011236,2.0186915887850465,3.531481481481481
209,2018-12,1005.4,109,142,286,1.3027522935779816,2.0140845070422535,3.5153846153846153
209,2019-01,906.2,100,123,252,1.23,2.048780487804878,3.596031746031746
209,2019-02,863.4,101,122,250,1.2079207920792079,2.0491803278688523,3.4536
209,2019-03,814.8,90,110,222,1.2222222222222223,2.018181818181818,3.67027027027027
209,2019-04,665.8,76,100,202,1.3157894736842106,2.02,3.296039603960396
209,2019-05,761.6,96,117,220,1.21875,1.8803418803418803,3.461818181818182
209,2019-06,820.2,98,119,238,1.2142857142857142,2.0,3.446218487394958
210,2018-07,1210.4,114,139,275,1.219298245614035,1.9784172661870503,4.401454545454546
210,2018-08,994.4,103,121,224,1.174757281553398,1.8512396694214877,4.439285714285714
210,2018-09,1097.4,103,122,244,1.1844660194174756,2.0,4.497540983606558
210,2018-10,1093.0,104,123,245,1.1826923076923077,1.991869918699187,4.461224489795918
210,2018-11,1215.3,121,139,277,1.1487603305785123,1.9928057553956835,4.387364620938628
210,2018-12,1199.3,115,136,271,1.182608695652174,1.9926470588235294,4.425461254612546
210,2019-01,1221.8,115,137,276,1.191304347826087,2.0145985401459856,4.426811594202898
210,2019-02,927.5,92,104,207,1.1304347826086956,1.9903846153846154,4.480676328502415
210,2019-03,1263.7,119,140,282,1.1764705882352942,2.0142857142857142,4.481205673758866
210,2019-04,1239.1,123,142,282,1.1544715447154472,1.9859154929577465,4.393971631205673
210,2019-05,1048.35,104,129,237,1.2403846153846154,1.8372093023255813,4.423417721518987
210,2019-06,1179.0,113,133,261,1.176991150442478,1.962406015037594,4.517241379310345
212,2018-07,698.2,84,105,210,1.25,2.0,3.324761904761905
212,2018-08,659.6,79,93,191,1.1772151898734178,2.053763440860215,3.4534031413612567
212,2018-09,768.4,83,108,218,1.3012048192771084,2.0185185185185186,3.5247706422018346
212,2018-10,767.4,84,108,220,1.2857142857142858,2.037037037037037,3.4881818181818183
212,2018-11,734.6,83,103,206,1.2409638554216869,2.0,3.5660194174757285
212,2018-12,785.6,95,114,228,1.2,2.0,3.4456140350877194
212,2019-01,636.2,78,89,182,1.141025641025641,2.044943820224719,3.495604395604396
212,2019-02,584.4,74,85,170,1.1486486486486487,2.0,3.4376470588235293
212,2019-03,875.8,99,119,242,1.202020202020202,2.033613445378151,3.61900826446281
212,2019-04,779.0,96,117,234,1.21875,2.0,3.3290598290598292
212,2019-05,784.3,91,113,220,1.2417582417582418,1.9469026548672566,3.565
212,2019-06,800.4,87,113,228,1.2988505747126438,2.017699115044248,3.5105263157894737
213,2018-07,1098.4,113,149,300,1.3185840707964602,2.0134228187919465,3.6613333333333338
213,2018-08,873.2,101,127,246,1.2574257425742574,1.937007874015748,3.5495934959349595
213,2018-09,1079.2,123,154,310,1.2520325203252032,2.012987012987013,3.4812903225806453
213,2018-10,902.0,100,127,256,1.27,2.015748031496063,3.5234375
213,2018-11,1181.2,127,165,336,1.2992125984251968,2.036363636363636,3.5154761904761904
213,2018-12,1061.2,117,150,302,1.2820512820512822,2.013333333333333,3.5139072847682122
213,2019-01,994.0,106,138,276,1.3018867924528301,2.0,3.601449275362319
213,2019-02,1045.4,116,142,286,1.2241379310344827,2.0140845070422535,3.655244755244756
213,2019-03,1113.2,117,149,306,1.2735042735042734,2.053691275167785,3.637908496732026
213,2019-04,1134.4,118,157,318,1.3305084745762712,2.0254777070063694,3.567295597484277
213,2019-05,885.6,101,129,250,1.2772277227722773,1.937984496124031,3.5424
213,2019-06,996.8,104,139,284,1.3365384615384615,2.0431654676258995,3.5098591549295772
214,2018-07,182.4,38,40,57,1.0526315789473684,1.425,3.2
214,2018-08,249.4,43,47,75,1.0930232558139534,1.5957446808510638,3.3253333333333335
214,2018-09,218.6,46,47,65,1.0217391304347827,1.3829787234042554,3.363076923076923
214,2018-10,179.1,30,33,51,1.1,1.5454545454545454,3.511764705882353
214,2018-11,184.8,36,37,55,1.0277777777777777,1.4864864864864864,3.3600000000000003
214,2018-12,267.3,43,47,73,1.0930232558139534,1.553191489361702,3.6616438356164385
214,2019-01,232.5,46,51,69,1.108695652173913,1.3529411764705883,3.369565217391304
214,2019-02,209.5,44,47,67,1.0681818181818181,1.425531914893617,3.126865671641791
214,2019-03,286.5,52,55,79,1.0576923076923077,1.4363636363636363,3.6265822784810124
214,2019-04,255.20000000000002,50,51,73,1.02,1.4313725490196079,3.4958904109589044
214,2019-05,203.0,39,43,60,1.1025641025641026,1.3953488372093024,3.3833333333333333
214,2019-06,252.1,48,49,71,1.0208333333333333,1.4489795918367347,3.5507042253521126
215,2018-07,375.2,40,43,87,1.075,2.0232558139534884,4.312643678160919
215,2018-08,392.8,44,47,88,1.0681818181818181,1.872340425531915,4.463636363636364
215,2018-09,270.2,34,34,61,1.0,1.7941176470588236,4.4295081967213115
215,2018-10,419.9,49,51,98,1.0408163265306123,1.9215686274509804,4.28469387755102
215,2018-11,426.0,46,50,98,1.0869565217391304,1.96,4.346938775510204
215,2018-12,421.9,49,50,96,1.0204081632653061,1.92,4.394791666666666
215,2019-01,402.0,49,50,97,1.0204081632653061,1.94,4.144329896907217
215,2019-02,325.6,39,41,76,1.0512820512820513,1.853658536585366,4.28421052631579
215,2019-03,365.3,39,44,86,1.1282051282051282,1.9545454545454546,4.247674418604651
215,2019-04,358.0,39,41,80,1.0512820512820513,1.951219512195122,4.475
215,2019-05,310.2,36,40,71,1.1111111111111112,1.775,4.369014084507042
215,2019-06,287.4,33,33,64,1.0,1.9393939393939394,4.490625
216,2018-07,1130.4,119,140,257,1.1764705882352942,1.8357142857142856,4.398443579766537
216,2018-08,1042.6,109,127,229,1.165137614678899,1.8031496062992125,4.552838427947598
216,2018-09,1106.2,109,126,245,1.1559633027522935,1.9444444444444444,4.515102040816327
216,2018-10,1100.5,104,124,243,1.1923076923076923,1.9596774193548387,4.52880658436214
216,2018-11,1006.4,107,118,224,1.102803738317757,1.8983050847457628,4.492857142857143
216,2018-12,1151.0,119,142,261,1.1932773109243697,1.8380281690140845,4.409961685823755
216,2019-01,1069.1,120,132,246,1.1,1.8636363636363635,4.345934959349593
216,2019-02,1092.8,108,126,244,1.1666666666666667,1.9365079365079365,4.478688524590163
216,2019-03,1105.1,106,131,252,1.2358490566037736,1.9236641221374047,4.38531746031746
216,2019-04,1012.5,105,121,232,1.1523809523809523,1.9173553719008265,4.364224137931035
216,2019-05,905.2,105,118,210,1.1238095238095238,1.7796610169491525,4.310476190476191
216,2019-06,1271.3,122,147,283,1.2049180327868851,1.9251700680272108,4.492226148409894
217,2018-07,1329.8,117,148,296,1.264957264957265,2.0,4.492567567567567
217,2018-08,1073.1,99,123,245,1.2424242424242424,1.991869918699187,4.38
217,2018-09,1318.6,120,149,300,1.2416666666666667,2.0134228187919465,4.395333333333333
217,2018-10,1073.6,104,123,246,1.1826923076923077,2.0,4.364227642276423
217,2018-11,1240.8,106,140,282,1.320754716981132,2.0142857142857142,4.3999999999999995
217,2018-12,1104.4,107,122,246,1.1401869158878504,2.0163934426229506,4.489430894308944
217,2019-01,1171.0,113,128,258,1.1327433628318584,2.015625,4.538759689922481
217,2019-02,923.2,90,104,212,1.1555555555555554,2.0384615384615383,4.354716981132076
217,2019-03,1119.8,110,127,256,1.1545454545454545,2.015748031496063,4.37421875
217,2019-04,1140.6,103,126,252,1.2233009708737863,2.0,4.526190476190476
217,2019-05,1282.5,130,153,297,1.176923076923077,1.9411764705882353,4.318181818181818
217,2019-06,1216.2,114,137,274,1.2017543859649122,2.0,4.438686131386861
219,2018-07,897.8,100,131,262,1.31,2.0,3.426717557251908
219,2018-08,790.1,95,121,230,1.2736842105263158,1.9008264462809918,3.435217391304348
219,2018-09,931.0,104,130,264,1.25,2.0307692307692307,3.5265151515151514
219,2018-10,840.4,96,118,236,1.2291666666666667,2.0,3.5610169491525423
219,2018-11,583.6,66,85,170,1.2878787878787878,2.0,3.4329411764705884
219,2018-12,862.6,98,126,256,1.2857142857142858,2.0317460317460316,3.36953125
219,2019-01,848.6,99,123,246,1.2424242424242424,2.0,3.4495934959349595
219,2019-02,818.8,96,122,244,1.2708333333333333,2.0,3.355737704918033
219,2019-03,765.6,88,108,218,1.2272727272727273,2.0185185185185186,3.5119266055045872
219,2019-04,798.8,99,119,238,1.202020202020202,2.0,3.356302521008403
219,2019-05,858.9,102,131,249,1.2843137254901962,1.900763358778626,3.4493975903614458
219,2019-06,775.4,86,108,222,1.255813953488372,2.0555555555555554,3.492792792792793
220,2018-07,244.1,47,48,72,1.0212765957446808,1.5,3.3902777777777775
220,2018-08,275.0,42,45,70,1.0714285714285714,1.5555555555555556,3.9285714285714284
220,2018-09,219.3,42,44,65,1.0476190476190477,1.4772727272727273,3.373846153846154
220,2018-10,293.4,59,61,88,1.0338983050847457,1.4426229508196722,3.334090909090909
220,2018-11,290.7,49,53,76,1.0816326530612246,1.4339622641509433,3.8249999999999997
220,2018-12,227.4,47,47,64,1.0,1.3617021276595744,3.553125
220,2019-01,238.7,48,50,69,1.0416666666666667,1.38,3.459420289855072
220,2019-02,202.9,42,42,63,1.0,1.5,3.2206349206349207
220,2019-03,269.3,51,55,79,1.0784313725490196,1.4363636363636363,3.408860759493671
220,2019-04,220.1,45,46,65,1.0222222222222221,1.4130434782608696,3.386153846153846
220,2019-05,259.6,52,53,79,1.0192307692307692,1.490566037735849,3.286075949367089
220,2019-06,267.7,46,51,76,1.108695652173913,1.4901960784313726,3.5223684210526316
221,2018-07,956.3000000000001,106,129,218,1.2169811320754718,1.689922480620155,4.386697247706422
221,2018-08,921.5,110,123,209,1.1181818181818182,1.6991869918699187,4.409090909090909
221,2018-09,727.6,84,96,163,1.1428571428571428,1.6979166666666667,4.463803680981595
221,2018-10,942.5,106,129,213,1.2169811320754718,1.6511627906976745,4.424882629107981
221,2018-11,935.3,101,124,210,1.2277227722772277,1.6935483870967742,4.453809523809523
221,2018-12,934.7,104,119,208,1.1442307692307692,1.7478991596638656,4.49375
221,2019-01,922.6,104,117,200,1.125,1.7094017094017093,4.613
221,2019-02,736.9,89,98,166,1.101123595505618,1.6938775510204083,4.439156626506024
221,2019-03,851.7,101,113,192,1.118811881188119,1.6991150442477876,4.4359375000000005
221,2019-04,805.9,96,110,186,1.1458333333333333,1.690909090909091,4.332795698924731
221,2019-05,764.0,91,106,170,1.164835164835165,1.6037735849056605,4.4941176470588236
221,2019-06,831.7,98,115,184,1.1734693877551021,1.6,4.5201086956521745
222,2018-07,944.6,107,130,262,1.2149532710280373,2.0153846153846153,3.6053435114503816
222,2018-08,758.0,86,105,206,1.2209302325581395,1.9619047619047618,3.679611650485437
222,2018-09,914.8,94,126,254,1.3404255319148937,2.015873015873016,3.601574803149606
222,2018-10,920.6,97,126,254,1.2989690721649485,2.015873015873016,3.6244094488188976
222,2018-11,840.4,94,122,246,1.297872340425532,2.0163934426229506,3.416260162601626
222,2018-12,832.2,91,120,244,1.3186813186813187,2.033333333333333,3.4106557377049183
222,2019-01,763.4,89,109,220,1.2247191011235956,2.018348623853211,3.4699999999999998
222,2019-02,739.6,90,107,214,1.1888888888888889,2.0,3.4560747663551403
222,2019-03,845.6,94,122,244,1.297872340425532,2.0,3.4655737704918033
222,2019-04,785.6,91,114,230,1.2527472527472527,2.017543859649123,3.4156521739130437
222,2019-05,764.4,98,115,219,1.1734693877551021,1.9043478260869566,3.4904109589041097
222,2019-06,679.4,78,90,188,1.1538461538461537,2.088888888888889,3.6138297872340424
223,2018-07,930.4,97,127,260,1.309278350515464,2.047244094488189,3.5784615384615384
223,2018-08,898.4,122,143,271,1.1721311475409837,1.8951048951048952,3.315129151291513
223,2018-09,994.8,119,145,290,1.218487394957983,2.0,3.430344827586207
223,2018-10,973.2,116,142,284,1.2241379310344827,2.0,3.426760563380282
223,2018-11,941.2,105,127,254,1.2095238095238094,2.0,3.705511811023622
223,2018-12,1004.8,113,143,286,1.2654867256637168,2.0,3.513286713286713
223,2019-01,923.4,104,133,266,1.2788461538461537,2.0,3.4714285714285715
223,2019-02,967.6,114,142,288,1.2456140350877194,2.028169014084507,3.3597222222222225
223,2019-03,865.2,103,128,256,1.2427184466019416,2.0,3.3796875
223,2019-04,944.8,112,138,276,1.2321428571428572,2.0,3.4231884057971014
223,2019-05,857.35,99,124,238,1.2525252525252526,1.9193548387096775,3.602310924369748
223,2019-06,947.0,111,136,272,1.2252252252252251,2.0,3.4816176470588234
224,2018-07,19.2,3,3,5,1.0,1.6666666666666667,3.84
224,2018-08,44.5,7,7,12,1.0,1.7142857142857142,3.7083333333333335
224,2018-09,11.8,2,2,4,1.0,2.0,2.95
224,2018-10,35.9,7,7,11,1.0,1.5714285714285714,3.2636363636363637
224,2018-11,33.6,5,5,10,1.0,2.0,3.3600000000000003
224,2018-12,20.5,5,5,8,1.0,1.6,2.5625
224,2019-01,25.3,5,5,9,1.0,1.8,2.8111111111111113
224,2019-02,8.9,2,2,3,1.0,1.5,2.966666666666667
224,2019-03,39.7,9,9,12,1.0,1.3333333333333333,3.3083333333333336
224,2019-04,40.3,6,6,11,1.0,1.8333333333333333,3.6636363636363636
224,2019-05,62.8,9,9,16,1.0,1.7777777777777777,3.925
224,2019-06,50.4,7,7,14,1.0,2.0,3.6
225,2018-07,865.0,100,125,250,1.25,2.0,3.46
225,2018-08,833.4,93,119,237,1.2795698924731183,1.9915966386554622,3.5164556962025317
225,2018-09,958.4,112,140,282,1.25,2.0142857142857142,3.398581560283688
225,2018-10,921.8,104,134,270,1.2884615384615385,2.014925373134328,3.414074074074074
225,2018-11,832.4,97,115,232,1.1855670103092784,2.017391304347826,3.5879310344827586
225,2018-12,834.6,94,119,240,1.2659574468085106,2.0168067226890756,3.4775
225,2019-01,845.0,94,118,240,1.2553191489361701,2.0338983050847457,3.5208333333333335
225,2019-02,782.8,90,111,226,1.2333333333333334,2.036036036036036,3.463716814159292
225,2019-03,829.0,103,124,252,1.203883495145631,2.032258064516129,3.2896825396825395
225,2019-04,1026.2,114,150,306,1.3157894736842106,2.04,3.35359477124183
225,2019-05,899.6,104,128,249,1.2307692307692308,1.9453125,3.61285140562249
225,2019-06,938.4,101,134,268,1.3267326732673268,2.0,3.5014925373134327
226,2018-07,1470.0,135,167,334,1.237037037037037,2.0,4.401197604790419
226,2018-08,1210.05,127,148,284,1.1653543307086613,1.9189189189189189,4.260739436619718
226,2018-09,1430.8,132,160,320,1.2121212121212122,2.0,4.4712499999999995
226,2018-10,1519.0,139,173,348,1.2446043165467626,2.0115606936416186,4.364942528735632
226,2018-11,1602.6,141,184,370,1.3049645390070923,2.010869565217391,4.331351351351351
226,2018-12,1659.6,150,188,377,1.2533333333333334,2.00531914893617,4.402122015915119
226,2019-01,1347.1,128,154,313,1.203125,2.0324675324675323,4.303833865814696
226,2019-02,1253.0,111,143,286,1.2882882882882882,2.0,4.381118881118881
226,2019-03,1561.6,133,168,338,1.263157894736842,2.011904761904762,4.620118343195266
226,2019-04,1494.6,140,171,346,1.2214285714285715,2.0233918128654973,4.319653179190751
226,2019-05,1530.9,140,180,341,1.2857142857142858,1.8944444444444444,4.489442815249267
226,2019-06,1526.2,144,172,344,1.1944444444444444,2.0,4.436627906976744
227,2018-07,885.8,102,130,262,1.2745098039215685,2.0153846153846153,3.380916030534351
227,2018-08,862.3,94,128,243,1.3617021276595744,1.8984375,3.5485596707818927
227,2018-09,779.0,97,113,230,1.1649484536082475,2.0353982300884956,3.3869565217391306
227,2018-10,1035.8,111,147,296,1.3243243243243243,2.0136054421768708,3.4993243243243244
227,2018-11,894.8,99,127,258,1.2828282828282829,2.031496062992126,3.4682170542635657
227,2018-12,892.8,102,121,248,1.1862745098039216,2.049586776859504,3.5999999999999996
227,2019-01,986.0,109,138,278,1.2660550458715596,2.0144927536231885,3.5467625899280577
227,2019-02,804.4,90,116,236,1.288888888888889,2.0344827586206895,3.4084745762711863
227,2019-03,999.4,115,141,286,1.2260869565217392,2.028368794326241,3.4944055944055945
227,2019-04,826.6,98,116,236,1.183673469387755,2.0344827586206895,3.502542372881356
227,2019-05,837.6,96,127,247,1.3229166666666667,1.9448818897637796,3.391093117408907
227,2019-06,818.0,92,117,242,1.2717391304347827,2.0683760683760686,3.3801652892561984
228,2018-07,326.8,37,39,76,1.054054054054054,1.9487179487179487,4.3
228,2018-08,291.7,33,34,63,1.0303030303030303,1.8529411764705883,4.63015873015873
228,2018-09,351.9,43,44,85,1.0232558139534884,1.9318181818181819,4.14
228,2018-10,374.5,42,45,86,1.0714285714285714,1.9111111111111112,4.354651162790698
228,2018-11,439.7,48,52,99,1.0833333333333333,1.9038461538461537,4.441414141414142
228,2018-12,404.2,41,44,87,1.0731707317073171,1.9772727272727273,4.645977011494253
228,2019-01,257.0,30,30,58,1.0,1.9333333333333333,4.431034482758621
228,2019-02,318.8,33,35,70,1.0606060606060606,2.0,4.554285714285714
228,2019-03,415.0,48,48,95,1.0,1.9791666666666667,4.368421052631579
228,2019-04,407.1,45,47,92,1.0444444444444445,1.9574468085106382,4.425
228,2019-05,297.8,39,39,71,1.0,1.8205128205128205,4.194366197183099
228,2019-06,351.8,38,40,78,1.0526315789473684,1.95,4.51025641025641
229,2018-07,876.0,100,123,248,1.23,2.016260162601626,3.532258064516129
229,2018-08,757.8,95,117,224,1.231578947368421,1.9145299145299146,3.383035714285714
229,2018-09,916.8,101,127,260,1.2574257425742574,2.047244094488189,3.526153846153846
229,2018-10,837.6,97,126,252,1.2989690721649485,2.0,3.323809523809524
229,2018-11,824.2,93,120,240,1.2903225806451613,2.0,3.434166666666667
229,2018-12,914.0,96,126,256,1.3125,2.0317460317460316,3.5703125
229,2019-01,822.4,92,119,238,1.2934782608695652,2.0,3.4554621848739493
229,2019-02,827.6,100,117,236,1.17,2.017094017094017,3.506779661016949
229,2019-03,1031.8,112,148,296,1.3214285714285714,2.0,3.485810810810811
229,2019-04,914.6,101,128,260,1.2673267326732673,2.03125,3.517692307692308
229,2019-05,815.3,93,121,235,1.3010752688172043,1.9421487603305785,3.4693617021276593
229,2019-06,879.8,95,120,242,1.263157894736842,2.0166666666666666,3.6355371900826445
230,2018-07,976.8,113,144,288,1.2743362831858407,2.0,3.3916666666666666
230,2018-08,1010.7,115,153,283,1.3304347826086957,1.8496732026143792,3.5713780918727918
230,2018-09,929.5,102,135,271,1.3235294117647058,2.0074074074074075,3.4298892988929888
230,2018-10,984.4,109,141,284,1.2935779816513762,2.0141843971631204,3.4661971830985916
230,2018-11,942.2,100,129,258,1.29,2.0,3.6519379844961244
230,2018-12,1018.2,116,143,288,1.2327586206896552,2.013986013986014,3.535416666666667
230,2019-01,1076.6,103,143,288,1.3883495145631068,2.013986013986014,3.738194444444444
230,2019-02,1156.6,121,161,324,1.3305785123966942,2.012422360248447,3.5697530864197526
230,2019-03,976.8,114,140,282,1.2280701754385965,2.0142857142857142,3.4638297872340424
230,2019-04,1073.0,114,153,310,1.3421052631578947,2.026143790849673,3.4612903225806453
230,2019-05,1090.0,112,144,298,1.2857142857142858,2.0694444444444446,3.6577181208053693
230,2019-06,1052.2,115,151,302,1.3130434782608695,2.0,3.484105960264901
231,2018-07,1102.5,111,122,242,1.0990990990990992,1.9836065573770492,4.555785123966942
231,2018-08,959.7,96,114,216,1.1875,1.894736842105263,4.4430555555555555
231,2018-09,1130.4,108,128,256,1.1851851851851851,2.0,4.415625
231,2018-10,1160.2,119,133,265,1.1176470588235294,1.9924812030075187,4.37811320754717
231,2018-11,1052.2,100,120,242,1.2,2.0166666666666666,4.347933884297521
231,2018-12,1184.2,119,133,268,1.1176470588235294,2.0150375939849625,4.41865671641791
231,2019-01,1104.8,114,125,250,1.0964912280701755,2.0,4.4192
231,2019-02,1123.2,105,124,252,1.180952380952381,2.032258064516129,4.457142857142857
231,2019-03,1210.2,117,139,278,1.188034188034188,2.0,4.353237410071943
231,2019-04,983.8,98,111,221,1.1326530612244898,1.990990990990991,4.45158371040724
231,2019-05,1001.2,103,119,228,1.1553398058252426,1.915966386554622,4.391228070175439
231,2019-06,983.6,101,112,222,1.108910891089109,1.9821428571428572,4.430630630630631
232,2018-07,1026.7,106,144,293,1.3584905660377358,2.0347222222222223,3.504095563139932
232,2018-08,727.9,91,113,216,1.2417582417582418,1.9115044247787611,3.3699074074074074
232,2018-09,939.8,98,130,262,1.3265306122448979,2.0153846153846153,3.5870229007633587
232,2018-10,923.8000000000001,103,131,262,1.2718446601941749,2.0,3.5259541984732827
232,2018-11,934.2,106,131,268,1.2358490566037736,2.045801526717557,3.485820895522388
232,2018-12,1044.6,116,148,300,1.2758620689655173,2.027027027027027,3.4819999999999998
232,2019-01,811.2,96,112,226,1.1666666666666667,2.017857142857143,3.5893805309734517
232,2019-02,899.9,106,129,261,1.2169811320754718,2.0232558139534884,3.4478927203065135
232,2019-03,818.4,90,117,238,1.3,2.034188034188034,3.4386554621848737
232,2019-04,762.6,84,109,218,1.2976190476190477,2.0,3.498165137614679
232,2019-05,928.0,106,139,264,1.3113207547169812,1.8992805755395683,3.515151515151515
232,2019-06,668.2,83,99,200,1.1927710843373494,2.0202020202020203,3.341
233,2018-07,290.7,51,54,88,1.0588235294117647,1.6296296296296295,3.3034090909090907
233,2018-08,285.9,48,50,80,1.0416666666666667,1.6,3.5737499999999995
233,2018-09,228.6,42,45,70,1.0714285714285714,1.5555555555555556,3.2657142857142856
233,2018-10,185.7,35,36,56,1.0285714285714285,1.5555555555555556,3.3160714285714286
233,2018-11,211.6,40,41,62,1.025,1.5121951219512195,3.4129032258064513
233,2018-12,279.8,47,50,75,1.0638297872340425,1.5,3.730666666666667
233,2019-01,177.5,35,35,47,1.0,1.3428571428571427,3.776595744680851
233,2019-02,244.0,45,47,70,1.0444444444444445,1.4893617021276595,3.4857142857142858
233,2019-03,199.1,40,41,59,1.025,1.4390243902439024,3.3745762711864407
233,2019-04,158.6,30,32,46,1.0666666666666667,1.4375,3.4478260869565216
233,2019-05,344.4,57,62,92,1.087719298245614,1.4838709677419355,3.743478260869565
233,2019-06,221.0,41,41,61,1.0,1.4878048780487805,3.622950819672131
234,2018-07,459.7,50,55,105,1.1,1.9090909090909092,4.378095238095238
234,2018-08,318.1,36,37,70,1.0277777777777777,1.8918918918918919,4.5442857142857145
234,2018-09,425.6,50,51,99,1.02,1.9411764705882353,4.298989898989899
234,2018-10,282.1,34,34,66,1.0,1.9411764705882353,4.274242424242424
234,2018-11,381.9,40,43,84,1.075,1.9534883720930232,4.546428571428571
234,2018-12,520.7,58,62,119,1.0689655172413792,1.9193548387096775,4.375630252100841
234,2019-01,316.7,36,36,71,1.0,1.9722222222222223,4.46056338028169
234,2019-02,342.1,38,40,78,1.0526315789473684,1.95,4.385897435897436
234,2019-03,466.2,49,53,104,1.0816326530612246,1.9622641509433962,4.482692307692307
234,2019-04,458.0,50,54,106,1.08,1.962962962962963,4.320754716981132
234,2019-05,431.0,51,54,98,1.0588235294117647,1.8148148148148149,4.3979591836734695
234,2019-06,310.2,36,37,71,1.0277777777777777,1.9189189189189189,4.369014084507042
235,2018-07,533.4,56,58,116,1.0357142857142858,2.0,4.598275862068966
235,2018-08,422.25,46,52,98,1.1304347826086956,1.8846153846153846,4.308673469387755
235,2018-09,430.8,44,48,96,1.0909090909090908,2.0,4.4875
235,2018-10,507.2,55,57,114,1.0363636363636364,2.0,4.4491228070175435
235,2018-11,406.2,44,46,92,1.0454545454545454,2.0,4.415217391304347
235,2018-12,554.6,59,63,126,1.0677966101694916,2.0,4.401587301587302
235,2019-01,547.0,58,62,124,1.0689655172413792,2.0,4.411290322580645
235,2019-02,439.6,46,48,96,1.0434782608695652,2.0,4.579166666666667
235,2019-03,574.2,58,65,130,1.1206896551724137,2.0,4.416923076923077
235,2019-04,397.0,42,43,88,1.0238095238095237,2.046511627906977,4.511363636363637
235,2019-05,477.5,54,57,106,1.0555555555555556,1.8596491228070176,4.504716981132075
235,2019-06,438.4,51,51,102,1.0,2.0,4.298039215686274
236,2018-07,952.0,101,133,270,1.316831683168317,2.030075187969925,3.525925925925926
236,2018-08,970.8,108,142,280,1.3148148148148149,1.971830985915493,3.467142857142857
236,2018-09,864.6,98,123,248,1.2551020408163265,2.016260162601626,3.486290322580645
236,2018-10,879.6,97,121,242,1.2474226804123711,2.0,3.634710743801653
236,2018-11,705.2,79,105,210,1.3291139240506329,2.0,3.3580952380952382
236,2018-12,987.0,104,140,282,1.3461538461538463,2.0142857142857142,3.5
236,2019-01,838.2,97,116,234,1.1958762886597938,2.0172413793103448,3.582051282051282
236,2019-02,914.8,104,136,274,1.3076923076923077,2.014705882352941,3.338686131386861
236,2019-03,896.8,104,124,248,1.1923076923076923,2.0,3.616129032258064
236,2019-04,848.0,95,118,238,1.2421052631578948,2.016949152542373,3.563025210084034
236,2019-05,979.0,107,143,273,1.3364485981308412,1.9090909090909092,3.586080586080586
236,2019-06,785.0,91,116,232,1.2747252747252746,2.0,3.3836206896551726
237,2018-07,1448.4,128,162,324,1.265625,2.0,4.470370370370371
237,2018-08,1367.8,135,165,313,1.2222222222222223,1.896969696969697,4.369968051118211
237,2018-09,1322.2,126,149,299,1.1825396825396826,2.0067114093959733,4.422073578595318
237,2018-10,1348.3,123,147,299,1.1951219512195121,2.0340136054421767,4.509364548494983
237,2018-11,1397.6,132,161,320,1.2196969696969697,1.9875776397515528,4.3675
237,2018-12,1265.0,124,144,289,1.1612903225806452,2.0069444444444446,4.377162629757786
237,2019-01,1219.7,117,139,277,1.188034188034188,1.9928057553956835,4.403249097472925
237,2019-02,1404.8,126,157,314,1.246031746031746,2.0,4.473885350318471
237,2019-03,1208.2,119,134,274,1.1260504201680672,2.044776119402985,4.409489051094891
237,2019-04,1204.6,120,135,272,1.125,2.0148148148148146,4.428676470588235
237,2019-05,1199.3,129,149,272,1.1550387596899225,1.825503355704698,4.409191176470588
237,2019-06,1153.6,119,131,262,1.1008403361344539,2.0,4.403053435114503
238,2018-07,1086.3,110,127,251,1.1545454545454545,1.9763779527559056,4.327888446215139
238,2018-08,1241.7,124,148,283,1.1935483870967742,1.912162162162162,4.3876325088339225
238,2018-09,1243.2,121,141,284,1.165289256198347,2.0141843971631204,4.377464788732395
238,2018-10,1054.6,99,117,233,1.1818181818181819,1.9914529914529915,4.526180257510729
238,2018-11,1222.7,119,141,278,1.184873949579832,1.9716312056737588,4.398201438848921
238,2018-12,1107.6,109,127,256,1.165137614678899,2.015748031496063,4.3265625
238,2019-01,1276.1,121,140,284,1.1570247933884297,2.0285714285714285,4.493309859154929
238,2019-02,1018.4,103,118,236,1.145631067961165,2.0,4.315254237288135
238,2019-03,949.9,91,108,215,1.1868131868131868,1.9907407407407407,4.4181395348837205
238,2019-04,1182.0,113,136,268,1.2035398230088497,1.9705882352941178,4.41044776119403
238,2019-05,1255.7,116,144,282,1.2413793103448276,1.9583333333333333,4.452836879432624
238,2019-06,1070.2,101,123,242,1.2178217821782178,1.967479674796748,4.422314049586777
239,2018-07,367.9,42,44,83,1.0476190476190477,1.8863636363636365,4.432530120481927
239,2018-08,332.6,37,41,73,1.1081081081081081,1.7804878048780488,4.5561643835616445
239,2018-09,348.5,37,40,77,1.0810810810810811,1.925,4.525974025974026
239,2018-10,305.1,38,39,71,1.0263157894736843,1.8205128205128205,4.29718309859155
239,2018-11,286.1,32,35,64,1.09375,1.8285714285714285,4.4703125
239,2018-12,359.1,42,43,81,1.0238095238095237,1.8837209302325582,4.433333333333334
239,2019-01,405.9,47,50,95,1.0638297872340425,1.9,4.272631578947368
239,2019-02,384.5,41,44,87,1.0731707317073171,1.9772727272727273,4.419540229885057
239,2019-03,341.1,40,40,78,1.0,1.95,4.3730769230769235
239,2019-04,267.8,31,31,57,1.0,1.8387096774193548,4.698245614035088
239,2019-05,341.25,40,42,78,1.05,1.8571428571428572,4.375
239,2019-06,347.0,40,41,75,1.025,1.829268292682927,4.626666666666667
240,2018-07,401.7,43,48,95,1.1162790697674418,1.9791666666666667,4.228421052631579
240,2018-08,345.2,39,41,76,1.0512820512820513,1.853658536585366,4.542105263157895
240,2018-09,465.7,50,52,102,1.04,1.9615384615384615,4.565686274509804
240,2018-10,435.3,46,49,96,1.065217391304348,1.9591836734693877,4.534375
240,2018-11,431.9,48,50,99,1.0416666666666667,1.98,4.362626262626263
240,2018-12,326.1,35,36,70,1.0285714285714285,1.9444444444444444,4.658571428571429
240,2019-01,384.2,42,46,88,1.0952380952380953,1.9130434782608696,4.365909090909091
240,2019-02,258.6,29,29,58,1.0,2.0,4.458620689655173
240,2019-03,444.2,53,55,103,1.0377358490566038,1.8727272727272728,4.312621359223301
240,2019-04,362.1,39,41,80,1.0512820512820513,1.951219512195122,4.52625
240,2019-05,445.2,47,51,98,1.0851063829787233,1.9215686274509804,4.542857142857143
240,2019-06,355.3,39,43,83,1.1025641025641026,1.930232558139535,4.280722891566265
241,2018-07,838.8,92,121,242,1.315217391304348,2.0,3.4661157024793385
241,2018-08,727.0,92,111,223,1.2065217391304348,2.009009009009009,3.2600896860986546
241,2018-09,830.4,92,118,236,1.2826086956521738,2.0,3.51864406779661
241,2018-10,932.8,106,131,262,1.2358490566037736,2.0,3.56030534351145
241,2018-11,641.2,78,89,180,1.141025641025641,2.0224719101123596,3.5622222222222226
241,2018-12,841.4,94,119,242,1.2659574468085106,2.033613445378151,3.476859504132231
241,2019-01,843.6,89,117,236,1.3146067415730338,2.017094017094017,3.574576271186441
241,2019-02,612.4,78,89,178,1.141025641025641,2.0,3.440449438202247
241,2019-03,828.6,99,122,244,1.2323232323232323,2.0,3.3959016393442623
241,2019-04,770.6,87,109,218,1.2528735632183907,2.0,3.534862385321101
241,2019-05,702.0,94,114,207,1.2127659574468086,1.8157894736842106,3.391304347826087
241,2019-06,830.8,86,117,236,1.3604651162790697,2.017094017094017,3.520338983050847
242,2018-07,450.0,50,51,102,1.02,2.0,4.411764705882353
242,2018-08,446.6,48,55,103,1.1458333333333333,1.8727272727272728,4.3359223300970875
242,2018-09,473.2,50,54,108,1.08,2.0,4.381481481481481
242,2018-10,517.0,53,59,118,1.1132075471698113,2.0,4.38135593220339
242,2018-11,511.6,56,59,118,1.0535714285714286,2.0,4.335593220338983
242,2018-12,498.2,54,56,114,1.037037037037037,2.0357142857142856,4.370175438596491
242,2019-01,526.6,56,60,120,1.0714285714285714,2.0,4.388333333333334
242,2019-02,465.5,47,53,105,1.127659574468085,1.9811320754716981,4.433333333333334
242,2019-03,554.9,60,62,123,1.0333333333333334,1.9838709677419355,4.511382113821138
242,2019-04,433.8,46,47,94,1.0217391304347827,2.0,4.614893617021277
242,2019-05,442.8,46,48,99,1.0434782608695652,2.0625,4.472727272727273
242,2019-06,496.6,51,57,114,1.1176470588235294,2.0,4.356140350877193
243,2018-07,344.4,48,51,101,1.0625,1.9803921568627452,3.40990099009901
243,2018-08,410.3,55,59,112,1.0727272727272728,1.8983050847457628,3.663392857142857
243,2018-09,391.5,48,54,106,1.125,1.962962962962963,3.693396226415094
243,2018-10,351.2,47,51,102,1.0851063829787233,2.0,3.4431372549019605
243,2018-11,412.0,57,60,120,1.0526315789473684,2.0,3.433333333333333
243,2018-12,404.9,61,62,119,1.0163934426229508,1.9193548387096775,3.4025210084033612
243,2019-01,421.6,62,65,128,1.0483870967741935,1.9692307692307693,3.29375
243,2019-02,405.2,52,53,106,1.0192307692307692,2.0,3.822641509433962
243,2019-03,421.4,53,57,113,1.0754716981132075,1.9824561403508771,3.7292035398230086
243,2019-04,391.1,55,56,111,1.018181818181818,1.9821428571428572,3.5234234234234236
243,2019-05,394.9,60,62,106,1.0333333333333334,1.7096774193548387,3.7254716981132074
243,2019-06,329.1,43,43,84,1.0,1.9534883720930232,3.917857142857143
244,2018-07,15.3,3,3,4,1.0,1.3333333333333333,3.825
244,2018-08,32.800000000000004,6,6,10,1.0,1.6666666666666667,3.2800000000000002
244,2018-09,32.4,6,6,10,1.0,1.6666666666666667,3.2399999999999998
244,2018-10,42.5,7,7,11,1.0,1.5714285714285714,3.8636363636363638
244,2018-11,14.3,4,4,6,1.0,1.5,2.3833333333333333
244,2018-12,3.0,1,1,1,1.0,1.0,3.0
244,2019-01,39.300000000000004,4,4,9,1.0,2.25,4.366666666666667
244,2019-02,9.0,2,2,4,1.0,2.0,2.25
244,2019-03,22.8,5,5,8,1.0,1.6,2.85
244,2019-04,29.8,5,5,9,1.0,1.8,3.3111111111111113
244,2019-05,21.25,4,4,6,1.0,1.5,3.5416666666666665
244,2019-06,69.3,11,11,19,1.0,1.7272727272727273,3.6473684210526316
245,2018-07,375.2,41,43,83,1.048780487804878,1.930232558139535,4.5204819277108435
245,2018-08,341.0,41,43,77,1.048780487804878,1.7906976744186047,4.428571428571429
245,2018-09,340.6,40,42,79,1.05,1.880952380952381,4.311392405063291
245,2018-10,301.5,30,35,66,1.1666666666666667,1.8857142857142857,4.568181818181818
245,2018-11,495.1,54,59,115,1.0925925925925926,1.9491525423728813,4.305217391304348
245,2018-12,299.3,31,34,65,1.096774193548387,1.911764705882353,4.604615384615385
245,2019-01,345.5,41,43,80,1.048780487804878,1.8604651162790697,4.31875
245,2019-02,341.3,38,40,77,1.0526315789473684,1.925,4.432467532467532
245,2019-03,444.3,52,54,105,1.0384615384615385,1.9444444444444444,4.231428571428571
245,2019-04,301.9,34,35,67,1.0294117647058822,1.9142857142857144,4.505970149253731
245,2019-05,322.7,35,36,70,1.0285714285714285,1.9444444444444444,4.609999999999999
245,2019-06,397.2,46,47,89,1.0217391304347827,1.8936170212765957,4.462921348314606
246,2018-07,403.4,40,44,88,1.1,2.0,4.584090909090909
246,2018-08,453.6,46,54,98,1.173913043478261,1.8148148148148149,4.628571428571429
246,2018-09,498.0,48,54,108,1.125,2.0,4.611111111111111
246,2018-10,564.0,57,61,124,1.0701754385964912,2.0327868852459017,4.548387096774194
246,2018-11,512.4,54,56,114,1.037037037037037,2.0357142857142856,4.494736842105263
246,2018-12,659.0,70,74,150,1.0571428571428572,2.027027027027027,4.3933333333333335
246,2019-01,459.0,49,52,106,1.0612244897959184,2.0384615384615383,4.330188679245283
246,2019-02,509.0,57,59,118,1.0350877192982457,2.0,4.313559322033898
246,2019-03,490.0,51,55,110,1.0784313725490196,2.0,4.454545454545454
246,2019-04,527.8,52,59,118,1.1346153846153846,2.0,4.472881355932203
246,2019-05,425.4,45,51,97,1.1333333333333333,1.9019607843137254,4.385567010309278
246,2019-06,452.6,48,51,102,1.0625,2.0,4.4372549019607845
247,2018-07,852.4,97,126,254,1.2989690721649485,2.015873015873016,3.3559055118110237
247,2018-08,781.0,96,121,225,1.2604166666666667,1.859504132231405,3.471111111111111
247,2018-09,852.4,95,121,244,1.2736842105263158,2.0165289256198347,3.4934426229508198
247,2018-10,1002.2,106,146,294,1.3773584905660377,2.0136986301369864,3.408843537414966
247,2018-11,786.2,92,117,234,1.2717391304347827,2.0,3.35982905982906
247,2018-12,797.6,97,121,244,1.2474226804123711,2.0165289256198347,3.2688524590163937
247,2019-01,906.2,106,132,264,1.2452830188679245,2.0,3.4325757575757576
247,2019-02,930.2,100,129,258,1.29,2.0,3.6054263565891476
247,2019-03,888.4,106,125,254,1.179245283018868,2.032,3.4976377952755904
247,2019-04,1032.0,111,149,300,1.3423423423423424,2.0134228187919465,3.44
247,2019-05,932.5,104,141,271,1.3557692307692308,1.9219858156028369,3.440959409594096
247,2019-06,890.4,108,132,266,1.2222222222222223,2.015151515151515,3.3473684210526313
248,2018-07,386.6,56,59,110,1.0535714285714286,1.8644067796610169,3.5145454545454546
248,2018-08,373.4,60,64,106,1.0666666666666667,1.65625,3.5226415094339623
248,2018-09,468.1,59,63,118,1.0677966101694916,1.873015873015873,3.966949152542373
248,2018-10,298.9,43,45,85,1.0465116279069768,1.8888888888888888,3.516470588235294
248,2018-11,363.5,52,54,102,1.0384615384615385,1.8888888888888888,3.5637254901960786
248,2018-12,452.2,62,66,126,1.064516129032258,1.9090909090909092,3.588888888888889
248,2019-01,360.3,49,54,101,1.1020408163265305,1.8703703703703705,3.5673267326732674
248,2019-02,255.9,44,44,82,1.0,1.8636363636363635,3.120731707317073
248,2019-03,266.7,46,46,87,1.0,1.891304347826087,3.06551724137931
248,2019-04,345.4,48,49,96,1.0208333333333333,1.9591836734693877,3.5979166666666664
248,2019-05,236.6,43,44,75,1.0232558139534884,1.7045454545454546,3.1546666666666665
248,2019-06,378.5,53,55,105,1.0377358490566038,1.9090909090909092,3.604761904761905
249,2018-07,250.4,43,46,73,1.069767441860465,1.5869565217391304,3.43013698630137
249,2018-08,298.5,54,55,87,1.0185185185185186,1.5818181818181818,3.4310344827586206
249,2018-09,288.4,46,46,81,1.0,1.7608695652173914,3.5604938271604936
249,2018-10,332.8,53,57,95,1.0754716981132075,1.6666666666666667,3.5031578947368422
249,2018-11,229.7,37,41,68,1.1081081081081081,1.6585365853658536,3.3779411764705882
249,2018-12,292.9,46,48,84,1.0434782608695652,1.75,3.4869047619047615
249,2019-01,285.4,45,48,82,1.0666666666666667,1.7083333333333333,3.4804878048780483
249,2019-02,302.1,49,51,83,1.0408163265306123,1.6274509803921569,3.6397590361445786
249,2019-03,284.6,49,52,82,1.0612244897959184,1.5769230769230769,3.4707317073170736
249,2019-04,259.8,44,45,75,1.0227272727272727,1.6666666666666667,3.464
249,2019-05,278.4,48,52,83,1.0833333333333333,1.5961538461538463,3.354216867469879
249,2019-06,285.2,50,52,85,1.04,1.6346153846153846,3.3552941176470585
250,2018-07,1161.5,120,136,269,1.1333333333333333,1.9779411764705883,4.317843866171004
250,2018-08,1322.9,135,158,293,1.1703703703703703,1.8544303797468353,4.5150170648464165
250,2018-09,939.5,94,108,211,1.148936170212766,1.9537037037037037,4.45260663507109
250,2018-10,1127.2,109,126,248,1.1559633027522935,1.9682539682539681,4.54516129032258
250,2018-11,1045.9,100,123,242,1.23,1.967479674796748,4.3219008264462815
250,2018-12,1173.5,112,132,264,1.1785714285714286,2.0,4.445075757575758
250,2019-01,981.6,102,114,224,1.1176470588235294,1.9649122807017543,4.382142857142857
250,2019-02,1037.5,105,117,234,1.1142857142857143,2.0,4.433760683760684
250,2019-03,1092.5,101,125,247,1.2376237623762376,1.976,4.423076923076923
250,2019-04,1059.8,102,119,235,1.1666666666666667,1.9747899159663866,4.509787234042553
250,2019-05,865.4,96,106,198,1.1041666666666667,1.8679245283018868,4.370707070707071
250,2019-06,1116.9,109,128,250,1.1743119266055047,1.953125,4.4676
251,2018-07,439.4,48,50,100,1.0416666666666667,2.0,4.394
251,2018-08,348.55,37,39,78,1.054054054054054,2.0,4.468589743589744
251,2018-09,292.6,30,32,64,1.0666666666666667,2.0,4.571875
251,2018-10,423.4,47,48,94,1.0212765957446808,1.9583333333333333,4.504255319148936
251,2018-11,542.8,56,61,124,1.0892857142857142,2.0327868852459017,4.377419354838709
251,2018-12,454.0,52,53,105,1.0192307692307692,1.9811320754716981,4.3238095238095235
251,2019-01,368.0,39,43,85,1.1025641025641026,1.9767441860465116,4.329411764705882
251,2019-02,320.0,34,36,72,1.0588235294117647,2.0,4.444444444444445
251,2019-03,392.2,45,47,93,1.0444444444444445,1.9787234042553192,4.2172043010752684
251,2019-04,456.7,49,51,103,1.0408163265306123,2.019607843137255,4.4339805825242715
251,2019-05,287.6,34,35,65,1.0294117647058822,1.8571428571428572,4.424615384615385
251,2019-06,341.2,39,40,80,1.0256410256410255,2.0,4.265
253,2018-07,391.0,41,44,88,1.0731707317073171,2.0,4.443181818181818
253,2018-08,390.3,42,45,87,1.0714285714285714,1.9333333333333333,4.4862068965517246
253,2018-09,451.4,47,50,100,1.0638297872340425,2.0,4.513999999999999
253,2018-10,403.0,40,43,86,1.075,2.0,4.686046511627907
253,2018-11,502.8,55,55,110,1.0,2.0,4.570909090909091
253,2018-12,422.6,47,50,100,1.0638297872340425,2.0,4.226
253,2019-01,356.0,38,42,84,1.105263157894737,2.0,4.238095238095238
253,2019-02,310.4,31,33,66,1.064516129032258,2.0,4.703030303030303
253,2019-03,454.8,49,52,103,1.0612244897959184,1.9807692307692308,4.415533980582524
253,2019-04,430.0,42,48,96,1.1428571428571428,2.0,4.479166666666667
253,2019-05,336.4,39,42,77,1.0769230769230769,1.8333333333333333,4.368831168831169
253,2019-06,470.0,50,54,108,1.08,2.0,4.351851851851852
254,2018-07,156.4,45,47,49,1.0444444444444445,1.0425531914893618,3.1918367346938776
254,2018-08,199.9,44,46,55,1.0454545454545454,1.1956521739130435,3.6345454545454547
254,2018-09,131.4,34,35,37,1.0294117647058822,1.0571428571428572,3.5513513513513515
254,2018-10,108.7,29,35,35,1.206896551724138,1.0,3.105714285714286
254,2018-11,132.0,31,34,36,1.096774193548387,1.0588235294117647,3.6666666666666665
254,2018-12,137.3,41,43,45,1.048780487804878,1.0465116279069768,3.0511111111111116
254,2019-01,125.9,32,34,35,1.0625,1.0294117647058822,3.5971428571428574
254,2019-02,95.3,27,28,28,1.037037037037037,1.0,3.4035714285714285
254,2019-03,162.7,34,35,42,1.0294117647058822,1.2,3.8738095238095234
254,2019-04,77.4,22,23,23,1.0454545454545454,1.0,3.365217391304348
254,2019-05,150.6,43,44,48,1.0232558139534884,1.0909090909090908,3.1374999999999997
254,2019-06,143.7,36,37,39,1.0277777777777777,1.054054054054054,3.6846153846153844
255,2018-07,254.1,47,49,69,1.0425531914893618,1.4081632653061225,3.6826086956521737
255,2018-08,171.9,33,35,55,1.0606060606060606,1.5714285714285714,3.1254545454545455
255,2018-09,227.7,44,44,72,1.0,1.6363636363636365,3.1624999999999996
255,2018-10,235.6,43,45,70,1.0465116279069768,1.5555555555555556,3.3657142857142857
255,2018-11,253.2,48,51,74,1.0625,1.4509803921568627,3.4216216216216213
255,2018-12,262.4,44,45,70,1.0227272727272727,1.5555555555555556,3.748571428571428
255,2019-01,231.70000000000002,46,49,70,1.065217391304348,1.4285714285714286,3.31
255,2019-02,215.70000000000002,42,45,65,1.0714285714285714,1.4444444444444444,3.3184615384615386
255,2019-03,206.6,41,42,60,1.024390243902439,1.4285714285714286,3.4433333333333334
255,2019-04,239.4,45,48,73,1.0666666666666667,1.5208333333333333,3.2794520547945205
255,2019-05,220.7,41,44,63,1.0731707317073171,1.4318181818181819,3.503174603174603
255,2019-06,316.3,61,63,89,1.0327868852459017,1.4126984126984128,3.553932584269663
256,2018-07,256.2,40,46,78,1.15,1.6956521739130435,3.2846153846153845
256,2018-08,356.6,54,57,104,1.0555555555555556,1.8245614035087718,3.428846153846154
256,2018-09,284.9,45,46,76,1.0222222222222221,1.6521739130434783,3.7486842105263154
256,2018-10,278.0,43,46,81,1.069767441860465,1.7608695652173914,3.432098765432099
256,2018-11,255.3,38,41,74,1.0789473684210527,1.8048780487804879,3.45
256,2018-12,350.2,52,56,101,1.0769230769230769,1.8035714285714286,3.4673267326732673
256,2019-01,318.3,52,53,90,1.0192307692307692,1.6981132075471699,3.5366666666666666
256,2019-02,253.0,43,46,74,1.069767441860465,1.608695652173913,3.418918918918919
256,2019-03,360.1,51,55,99,1.0784313725490196,1.8,3.637373737373738
256,2019-04,199.0,31,32,58,1.032258064516129,1.8125,3.4310344827586206
256,2019-05,315.4,53,54,93,1.0188679245283019,1.7222222222222223,3.3913978494623653
256,2019-06,264.4,42,44,76,1.0476190476190477,1.7272727272727273,3.478947368421052
257,2018-07,1062.8,118,153,310,1.2966101694915255,2.026143790849673,3.4283870967741934
257,2018-08,963.2,112,142,286,1.2678571428571428,2.0140845070422535,3.367832167832168
257,2018-09,950.8000000000001,103,129,258,1.2524271844660195,2.0,3.6852713178294576
257,2018-10,735.2,89,106,214,1.1910112359550562,2.018867924528302,3.435514018691589
257,2018-11,1083.0,125,157,314,1.256,2.0,3.449044585987261
257,2018-12,882.2,97,125,250,1.288659793814433,2.0,3.5288000000000004
257,2019-01,788.2,99,119,238,1.202020202020202,2.0,3.311764705882353
257,2019-02,818.6,93,116,232,1.2473118279569892,2.0,3.528448275862069
257,2019-03,1164.8,124,166,336,1.3387096774193548,2.0240963855421685,3.4666666666666663
257,2019-04,955.4,103,134,272,1.3009708737864079,2.029850746268657,3.5124999999999997
257,2019-05,856.1,105,133,251,1.2666666666666666,1.887218045112782,3.410756972111554
257,2019-06,963.2,106,135,274,1.2735849056603774,2.0296296296296297,3.5153284671532847
258,2018-07,16.2,2,2,4,1.0,2.0,4.05
258,2018-08,21.0,3,3,5,1.0,1.6666666666666667,4.2
258,2018-09,40.0,6,6,12,1.0,2.0,3.3333333333333335
258,2018-10,31.8,3,3,6,1.0,2.0,5.3
258,2018-11,11.8,2,2,4,1.0,2.0,2.95
258,2018-12,29.0,4,4,8,1.0,2.0,3.625
258,2019-01,35.2,7,7,14,1.0,2.0,2.5142857142857147
258,2019-02,41.4,5,5,10,1.0,2.0,4.14
258,2019-03,39.0,5,5,10,1.0,2.0,3.9
258,2019-04,28.4,4,4,8,1.0,2.0,3.55
258,2019-05,23.900000000000002,4,4,6,1.0,1.5,3.983333333333334
258,2019-06,18.2,2,2,4,1.0,2.0,4.55
259,2018-07,979.4,109,139,278,1.275229357798165,2.0,3.5230215827338127
259,2018-08,879.7,106,136,257,1.2830188679245282,1.8897058823529411,3.42295719844358
259,2018-09,1005.6,103,145,296,1.4077669902912622,2.0413793103448277,3.3972972972972975
259,2018-10,878.6,92,115,234,1.25,2.034782608695652,3.7547008547008547
259,2018-11,1064.4,109,143,292,1.311926605504587,2.041958041958042,3.645205479452055
259,2018-12,978.6,112,143,292,1.2767857142857142,2.041958041958042,3.3513698630136988
259,2019-01,992.2,114,134,270,1.1754385964912282,2.014925373134328,3.674814814814815
259,2019-02,916.0,98,126,258,1.2857142857142858,2.0476190476190474,3.550387596899225
259,2019-03,1053.0,121,142,284,1.1735537190082646,2.0,3.7077464788732395
259,2019-04,1086.6,110,145,296,1.3181818181818181,2.0413793103448277,3.6709459459459457
259,2019-05,873.2,104,132,243,1.2692307692307692,1.8409090909090908,3.5934156378600823
259,2019-06,833.6,100,122,244,1.22,2.0,3.416393442622951
260,2018-07,453.0,49,53,106,1.0816326530612246,2.0,4.273584905660377
260,2018-08,324.2,40,40,73,1.0,1.825,4.441095890410959
260,2018-09,412.8,46,49,97,1.065217391304348,1.9795918367346939,4.2556701030927835
260,2018-10,562.7,62,64,127,1.032258064516129,1.984375,4.430708661417323
260,2018-11,432.6,46,49,99,1.065217391304348,2.020408163265306,4.36969696969697
260,2018-12,488.2,53,55,110,1.0377358490566038,2.0,4.4381818181818184
260,2019-01,347.4,38,39,80,1.0263157894736843,2.051282051282051,4.342499999999999
260,2019-02,487.0,49,55,110,1.1224489795918366,2.0,4.427272727272728
260,2019-03,500.2,54,59,118,1.0925925925925926,2.0,4.238983050847458
260,2019-04,474.0,48,51,102,1.0625,2.0,4.647058823529412
260,2019-05,486.75,53,59,111,1.1132075471698113,1.88135593220339,4.385135135135135
260,2019-06,463.4,50,53,106,1.06,2.0,4.371698113207547
261,2018-07,1150.3,116,132,263,1.1379310344827587,1.9924242424242424,4.373764258555133
261,2018-08,1131.1,119,141,260,1.184873949579832,1.8439716312056738,4.350384615384615
261,2018-09,1119.3,103,124,247,1.203883495145631,1.9919354838709677,4.531578947368421
261,2018-10,1228.7,120,138,277,1.15,2.0072463768115942,4.435740072202166
261,2018-11,1060.4,112,124,248,1.1071428571428572,2.0,4.275806451612904
261,2018-12,1262.4,126,142,284,1.126984126984127,2.0,4.445070422535212
261,2019-01,1244.6,113,143,286,1.2654867256637168,2.0,4.351748251748251
261,2019-02,1072.2,104,119,239,1.1442307692307692,2.008403361344538,4.486192468619247
261,2019-03,1277.4,123,143,289,1.1626016260162602,2.020979020979021,4.42006920415225
261,2019-04,1003.0,92,109,220,1.184782608695652,2.018348623853211,4.5590909090909095
261,2019-05,1157.15,109,131,266,1.201834862385321,2.030534351145038,4.3501879699248125
261,2019-06,1153.2,106,128,258,1.2075471698113207,2.015625,4.469767441860466
262,2018-07,747.9,84,108,217,1.2857142857142858,2.009259259259259,3.446543778801843
262,2018-08,780.1,80,108,220,1.35,2.037037037037037,3.545909090909091
262,2018-09,661.6,80,96,192,1.2,2.0,3.4458333333333333
262,2018-10,911.2,105,129,258,1.2285714285714286,2.0,3.5317829457364343
262,2018-11,748.2,86,104,208,1.2093023255813953,2.0,3.597115384615385
262,2018-12,868.6,96,121,242,1.2604166666666667,2.0,3.5892561983471074
262,2019-01,642.4,85,97,196,1.1411764705882352,2.020618556701031,3.277551020408163
262,2019-02,754.6,85,103,208,1.2117647058823529,2.0194174757281553,3.6278846153846156
262,2019-03,741.8,89,106,214,1.1910112359550562,2.018867924528302,3.4663551401869155
262,2019-04,827.0,91,116,236,1.2747252747252746,2.0344827586206895,3.5042372881355934
262,2019-05,655.7,81,94,182,1.1604938271604939,1.9361702127659575,3.602747252747253
262,2019-06,922.0,96,131,264,1.3645833333333333,2.015267175572519,3.492424242424242
263,2018-07,38.7,9,9,12,1.0,1.3333333333333333,3.225
263,2018-08,28.0,6,6,8,1.0,1.3333333333333333,3.5
263,2018-09,21.799999999999997,4,4,6,1.0,1.5,3.633333333333333
263,2018-10,36.6,8,8,12,1.0,1.5,3.0500000000000003
263,2018-11,15.799999999999999,2,2,4,1.0,2.0,3.9499999999999997
263,2018-12,24.6,6,6,7,1.0,1.1666666666666667,3.5142857142857147
263,2019-01,21.299999999999997,5,5,6,1.0,1.2,3.5499999999999994
263,2019-02,37.4,6,6,10,1.0,1.6666666666666667,3.7399999999999998
263,2019-03,26.0,5,5,7,1.0,1.4,3.7142857142857144
263,2019-04,9.0,3,3,3,1.0,1.0,3.0
263,2019-05,8.1,2,2,2,1.0,1.0,4.05
263,2019-06,33.2,5,5,7,1.0,1.4,4.742857142857143
264,2018-07,232.6,53,53,71,1.0,1.3396226415094339,3.276056338028169
264,2018-08,203.3,40,41,58,1.025,1.4146341463414633,3.5051724137931037
264,2018-09,199.5,45,46,60,1.0222222222222221,1.3043478260869565,3.325
264,2018-10,170.0,38,39,48,1.0263157894736843,1.2307692307692308,3.5416666666666665
264,2018-11,184.5,35,37,50,1.0571428571428572,1.3513513513513513,3.69
264,2018-12,288.5,55,60,82,1.0909090909090908,1.3666666666666667,3.518292682926829
264,2019-01,247.3,48,50,68,1.0416666666666667,1.36,3.636764705882353
264,2019-02,175.2,42,44,58,1.0476190476190477,1.3181818181818181,3.0206896551724136
264,2019-03,161.0,36,40,47,1.1111111111111112,1.175,3.425531914893617
264,2019-04,194.2,39,39,54,1.0,1.3846153846153846,3.596296296296296
264,2019-05,242.0,47,48,65,1.0212765957446808,1.3541666666666667,3.723076923076923
264,2019-06,221.7,47,49,60,1.0425531914893618,1.2244897959183674,3.695
265,2018-07,247.8,51,54,74,1.0588235294117647,1.3703703703703705,3.348648648648649
265,2018-08,227.1,51,56,71,1.0980392156862746,1.2678571428571428,3.1985915492957746
265,2018-09,133.5,30,33,40,1.1,1.2121212121212122,3.3375
265,2018-10,162.9,37,38,48,1.027027027027027,1.263157894736842,3.3937500000000003
265,2018-11,282.8,58,63,85,1.0862068965517242,1.3492063492063493,3.327058823529412
265,2018-12,205.3,46,47,60,1.0217391304347827,1.2765957446808511,3.421666666666667
265,2019-01,176.7,33,34,48,1.0303030303030303,1.411764705882353,3.68125
265,2019-02,212.7,41,43,57,1.048780487804878,1.3255813953488371,3.731578947368421
265,2019-03,164.1,37,37,47,1.0,1.2702702702702702,3.4914893617021274
265,2019-04,236.4,46,49,73,1.065217391304348,1.489795918367347,3.238356164383562
265,2019-05,181.2,36,36,50,1.0,1.3888888888888888,3.6239999999999997
265,2019-06,202.9,39,39,55,1.0,1.4102564102564104,3.689090909090909
266,2018-07,127.3,31,33,36,1.064516129032258,1.0909090909090908,3.536111111111111
266,2018-08,154.5,37,40,45,1.0810810810810811,1.125,3.433333333333333
266,2018-09,139.0,36,40,41,1.1111111111111112,1.025,3.3902439024390243
266,2018-10,170.4,38,42,47,1.105263157894737,1.119047619047619,3.625531914893617
266,2018-11,144.2,36,39,41,1.0833333333333333,1.0512820512820513,3.517073170731707
266,2018-12,157.8,43,46,50,1.069767441860465,1.0869565217391304,3.156
266,2019-01,148.7,44,46,47,1.0454545454545454,1.0217391304347827,3.163829787234042
266,2019-02,119.7,34,36,37,1.0588235294117647,1.0277777777777777,3.235135135135135
266,2019-03,128.2,32,33,37,1.03125,1.121212121212121,3.4648648648648646
266,2019-04,124.4,31,31,32,1.0,1.032258064516129,3.8875
266,2019-05,166.2,44,45,48,1.0227272727272727,1.0666666666666667,3.4625
266,2019-06,162.3,42,46,50,1.0952380952380953,1.0869565217391304,3.2460000000000004
267,2018-07,6.199999999999999,2,2,2,1.0,1.0,3.0999999999999996
267,2018-08,24.9,5,5,6,1.0,1.2,4.1499999999999995
267,2018-09,23.299999999999997,5,5,6,1.0,1.2,3.883333333333333
267,2018-10,14.4,4,4,4,1.0,1.0,3.6
267,2018-11,40.3,9,9,11,1.0,1.2222222222222223,3.6636363636363636
267,2018-12,15.399999999999999,5,5,5,1.0,1.0,3.0799999999999996
267,2019-01,34.4,9,9,10,1.0,1.1111111111111112,3.44
267,2019-02,23.0,5,5,6,1.0,1.2,3.8333333333333335
267,2019-03,23.6,6,6,6,1.0,1.0,3.9333333333333336
267,2019-04,14.0,5,5,5,1.0,1.0,2.8
267,2019-05,37.4,7,7,8,1.0,1.1428571428571428,4.675
267,2019-06,18.5,4,4,4,1.0,1.0,4.625
268,2018-07,224.0,48,52,68,1.0833333333333333,1.3076923076923077,3.2941176470588234
268,2018-08,322.65,50,54,88,1.08,1.6296296296296295,3.6664772727272723
268,2018-09,174.4,31,34,50,1.096774193548387,1.4705882352941178,3.488
268,2018-10,237.6,47,48,65,1.0212765957446808,1.3541666666666667,3.6553846153846155
268,2018-11,225.4,49,51,67,1.0408163265306123,1.3137254901960784,3.364179104477612
268,2018-12,207.3,42,43,57,1.0238095238095237,1.3255813953488371,3.636842105263158
268,2019-01,157.7,37,38,47,1.027027027027027,1.236842105263158,3.35531914893617
268,2019-02,165.0,36,37,47,1.0277777777777777,1.2702702702702702,3.5106382978723403
268,2019-03,225.0,46,47,62,1.0217391304347827,1.3191489361702127,3.629032258064516
268,2019-04,191.5,47,50,57,1.0638297872340425,1.14,3.3596491228070176
268,2019-05,245.8,48,51,67,1.0625,1.3137254901960784,3.6686567164179107
268,2019-06,224.7,38,40,57,1.0526315789473684,1.425,3.9421052631578943
269,2018-07,982.0,103,138,278,1.3398058252427185,2.0144927536231885,3.5323741007194243
269,2018-08,835.1,109,132,249,1.2110091743119267,1.8863636363636365,3.353815261044177
269,2018-09,886.0,100,123,248,1.23,2.016260162601626,3.5725806451612905
269,2018-10,1078.4,111,148,296,1.3333333333333333,2.0,3.6432432432432433
269,2018-11,967.2,106,134,272,1.2641509433962264,2.029850746268657,3.5558823529411767
269,2018-12,935.4,107,132,266,1.233644859813084,2.015151515151515,3.5165413533834586
269,2019-01,980.4,110,144,288,1.309090909090909,2.0,3.404166666666667
269,2019-02,955.2,103,130,266,1.2621359223300972,2.046153846153846,3.590977443609023
269,2019-03,845.8,97,122,244,1.2577319587628866,2.0,3.466393442622951
269,2019-04,991.2,109,138,278,1.2660550458715596,2.0144927536231885,3.565467625899281
269,2019-05,900.7,102,130,252,1.2745098039215685,1.9384615384615385,3.5742063492063494
269,2019-06,864.4,99,127,254,1.2828282828282829,2.0,3.4031496062992126
270,2018-07,962.8,96,137,278,1.4270833333333333,2.0291970802919708,3.4633093525179857
270,2018-08,1003.75,122,153,289,1.2540983606557377,1.8888888888888888,3.4731833910034604
270,2018-09,845.4,101,126,252,1.2475247524752475,2.0,3.354761904761905
270,2018-10,816.4,96,115,238,1.1979166666666667,2.0695652173913044,3.430252100840336
270,2018-11,965.0,101,129,266,1.2772277227722773,2.062015503875969,3.6278195488721803
270,2018-12,1038.0,101,145,298,1.4356435643564356,2.0551724137931036,3.4832214765100673
270,2019-01,1066.6,117,153,310,1.3076923076923077,2.026143790849673,3.4406451612903224
270,2019-02,868.4,94,125,250,1.3297872340425532,2.0,3.4736
270,2019-03,991.2,104,142,286,1.3653846153846154,2.0140845070422535,3.465734265734266
270,2019-04,926.4,100,130,264,1.3,2.0307692307692307,3.509090909090909
270,2019-05,897.8,98,126,250,1.2857142857142858,1.9841269841269842,3.5911999999999997
270,2019-06,912.2,104,127,254,1.2211538461538463,2.0,3.5913385826771655
271,2018-07,956.6,96,127,258,1.3229166666666667,2.031496062992126,3.7077519379844963
271,2018-08,683.9,84,100,192,1.1904761904761905,1.92,3.5619791666666667
271,2018-09,798.4,91,114,228,1.2527472527472527,2.0,3.501754385964912
271,2018-10,790.0,93,113,228,1.2150537634408602,2.017699115044248,3.4649122807017543
271,2018-11,886.4,98,120,244,1.2244897959183674,2.033333333333333,3.6327868852459018
271,2018-12,807.4,98,116,234,1.183673469387755,2.0172413793103448,3.45042735042735
271,2019-01,842.4,92,118,240,1.2826086956521738,2.0338983050847457,3.51
271,2019-02,746.2,86,101,204,1.1744186046511629,2.01980198019802,3.6578431372549023
271,2019-03,735.8,79,101,202,1.2784810126582278,2.0,3.6425742574257423
271,2019-04,774.6,87,109,218,1.2528735632183907,2.0,3.553211009174312
271,2019-05,771.9,96,126,234,1.3125,1.8571428571428572,3.2987179487179485
271,2019-06,928.2,108,129,258,1.1944444444444444,2.0,3.5976744186046514
272,2018-07,433.1,48,52,98,1.0833333333333333,1.8846153846153846,4.419387755102041
272,2018-08,372.85,44,48,85,1.0909090909090908,1.7708333333333333,4.386470588235294
272,2018-09,304.7,32,36,71,1.125,1.9722222222222223,4.291549295774648
272,2018-10,430.6,44,50,99,1.1363636363636365,1.98,4.349494949494949
272,2018-11,376.2,41,45,87,1.0975609756097562,1.9333333333333333,4.324137931034483
272,2018-12,403.9,47,47,89,1.0,1.8936170212765957,4.538202247191011
272,2019-01,423.0,46,50,96,1.0869565217391304,1.92,4.40625
272,2019-02,395.5,45,48,91,1.0666666666666667,1.8958333333333333,4.346153846153846
272,2019-03,442.3,50,53,101,1.06,1.9056603773584906,4.379207920792079
272,2019-04,445.1,54,55,105,1.0185185185185186,1.9090909090909092,4.23904761904762
272,2019-05,314.6,34,40,71,1.1764705882352942,1.775,4.4309859154929585
272,2019-06,312.1,34,37,70,1.088235294117647,1.8918918918918919,4.458571428571429
